Workbook
Name aaaaaaaaa: INDIRECT(ADDRESS(Questionario!XFB1,COLUMN(Questionario!XEY$1),4,))
Name Range_1: Appoggio!$A$11:$B$13
Name Range_2: Appoggio!$A$17:$B$18
Name Range_validi: Appoggio!$A$4:$A$5

Sheet Introduzione
B3: CLUSIT, associazione Italiana per la Sicurezza Informatica, considerando le notevoli problematiche ed inefficienze che interessano questo ambito, ha attivato un gruppo di lavoro per redigere un questionario di riferimento, a supporto universale delle organizzazioni di ogni tipo, per la selezione di fornitori ICT di prodotti e servizi, al fine di permettere di verificare agevolmente il loro grado di sicurezza delle informazioni/sicurezza ICT/cybersecurity da loro offerto e, attraverso le risposte, dare dimostrazione dei requisiti applicabili in conformità alle best practice di settore e in linea con la strategia dell’organizzazione.
B5: Il questionario riportato nel foglio successivo si articola in 48 temi collegati a domande a risposta chiusa e multipla, che mirano a verificare i principali requisiti previsti da ISO/IEC 27001 (Sistema di Gestione per la Sicurezza delle Informazioni) e FNCS (Framework Nazionale di Cyber Security) applicabili a fornitori di prodotti e servizi ICT senza tuttavia entrare nel merito delle specifiche forniture. L'organizzazione, una volta deciso quali temi proporre (idealmente tutti ma si può optare per utilizzarne solo un sottoinsieme), e ricevuto il questionario compilato da parte del fornitore, sarà in grado di individuare i punti di debolezza/non conformità e, conseguentemente, richiedere le necessarie azioni sul fornitore in modo tale da garantire la propria cybersecurity.
B7: Il foglio del questionario è stato organizzato nelle seguenti colonne: - SEZIONE: è un'area che raggruppa temi e domande sullo stesso ambito. Sono previste le aree di GESTIONE DELLA SICUREZZA, SICUREZZA IT e SICUREZZA FISICA - CODICE: è un codice identificativo unico del tema formato da 3 lettere per l'area, un punto di separazione e due cifre per un numero progressivo - TEMA: è il testo descrittivo del tema - SOTTOINSIEME DOMANDE APPLICABILE A ...: colonne che indicano se la domanda è ritenuta parte di un sottoinsieme applicabile per esempio ai fornitori di prodotti ICT, di servizi ICT o altro - SELEZIONE DOMANDA: pilota l'inclusione o l'esclusione della domanda nel questionario e nel computo dei risultati derivanti dalla sua compilazione - RIFERIMENTI ISO/IEC 27001: è il requisito o il controllo della norma ISO/IEC 27001:2022 richiamato dalla risposta. Se questa è selezionata è plausibile presumere che il requisito o controllo sia almeno in parte attuato/implementato - RIFERIMENTI FNCS 2 e 2.1: è il requisito o il controllo del Framework Nazionale di Cyber Security richiamato dalla risposta. Se questa è selezionata è plausibile presumere che il requisito o controllo sia almeno in parte attuato/implementato - DOMANDA: è la domanda posta al fornitore - RISPOSTA DEL FORNITORE: è la risposta data alla domanda - NOTE / REMEDIATION / AZIONI IN CORSO: è un campo libero in cui si può richiedere di inserire dettagli ulteriori in ogni caso oppure solo laddove le risposte siano negative, indicando eventuali azioni in corso
B9: Il foglio dei risultati riepiloga il risultato della compilazione rispetto alle domande selezionate utilizzando un calcolo a doppia pesatura (delle domande e dei temi) e ritornando un punteggio pari al 100% in caso tutte le domande selezionate abbiano ricevuto risposta positiva, o proporzionalmente decrementale diversamente.
B11: Rispetto alla precedente versione 1.0 del questionario sono state introdotte le domande a risposta chiusa, la pesatura delle domande e dei temi e l'algoritmo di calcolo dei risultati oltre ad essere state corrette alcune imprecisioni. Rispetto alla precedente versione 2.0 del questionario è stata aggiunta una mappatura alla versione aggiornata del Framework Nazionale di Cyber Security. Rispetto alla precedente versione 2.1 del questionario sono stati coperti i requisiti del FNCS richiamati nell'ambito del PSNC e di quello legato a NIS2 ed è stata elaborata una versione in lingua inglese.
B13: Il questionario può essere liberamente utilizzato nel rispetto dei limiti posti dalla licenza Creative Commons CC BY-SA (https://creativecommons.org/licenses/by-sa/4.0/deed.it). Questa licenza permette a chiunque di usare questo prodotto per crearne una sua evoluzione a condizione che citi gli autori originali riportando la nostra URL http://www.clusit.it e utilizzi a sua volta lo stesso tipo di licenza:
B16: CLUSIT ringrazia per la partecipazione ai lavori di stesura della presente versione del questionario: Giovanni BELLUZZO Giancarlo BUTTI Fabio GUASCONI (Coordinatore) Roberto OBIALERO Massimiliano PERRONE Alessandro VALLEGA
B17: e per le precedenti versioni ringrazia anche: Elenio DURSI Federica Maria Rita LIVELLI Davide MANCONI Andrea RUI Sofia SCOZZARI Claudio TELMON

Sheet Questionario
A1: SEZIONE | B1: CODICE | C1: TEMA | D1: SOTTOINSIEME DOMANDE APPLICABILE A: | F1: SELEZIONE DOMANDA | G1: SELEZIONE TEMA | H1: RIFERIMENTI | K1: Peso Tema | L1: Peso Tema sel | M1: Peso Domanda | N1: Peso domanda sel | O1: Range Risposta | P1: (prima riga del tema) | Q1: Valore Risposta | R1: Valore Risposta Pesato | S1: Valore Risposta Pesato anche con il peso della domanda | T1: Grado di copertura del tema (Risposta) | U1: Grado di copertura del tema | V1: Peso Tema (Riportato) | W1: Utilizzato per parametrizzare la convalida delle risposte in colonna P | X1: DOMANDA | Y1: Risposta del fornitore | Z1: NOTE / REMEDIATION / AZIONI IN CORSO
D2: Servizi ICT | E2: Prodotti ICT (SW/HW) | H2: ISO/IEC 27001 | I2: FNCS 2 | J2: FNCS 2.1
A3: GESTIONE DELLA SICUREZZA | B3: GSI.01 | C3: Politica di alto livello che tratta la cybersecurity / sicurezza delle informazioni / sicurezza informatica | D3: ✔ | E3: ✔ | F3: ✔ | G3: =IF(L3>0,"✔","") -> ✔ | H3: 5.2 | I3: ID.GV-1 | J3: GV.PO-01 GV.PO-02 | K3: 2 | L3: =IF(COUNTA(F3:F7)<>0,K3,0) -> 2 | M3: 2 | N3: =IF(F3<>"",M3,0) -> 2 | O3: Range_1 | P3: {=IF(F3<>"",SUMPRODUCT(MAX((INDIRECT(ADDRESS(1,COLUMN(K$1),2) &":"& ADDRESS(ROW(),COLUMN(K$1),4))<>"")*(ROW(INDIRECT(ADDRESS(1,COLUMN(K$1),2) &":"& ADDRESS(ROW(),COLUMN(K$1),4)))))),239)} -> 3 | Q3: =IF(Y3<>"",VLOOKUP(Y3,INDIRECT(O3),2,0),"") | R3: =IF(Q3<>"",IF(F3<>"",Q3*M3,0),"") | S3: =IF(R3<>"",IF(R3<>0,R3*INDIRECT(ADDRESS(P3,COLUMN(K$1),4,)),0),"") | T3: =IF(R3<>"",R3/SUMIFS(M$3:M$253,P$3:P$253,P3),"") | U3: =IF(R3<>"",SUMIFS(T$3:T$253,P$3:P$253,P3),"") | V3: =IFERROR(INDEX(K:K,P3),0) -> 2 | W3: =ADDRESS(ROW(INDIRECT(O3)),COLUMN(INDIRECT(O3)),1,1,"Appoggio")&":"&ADDRESS(ROW(INDIRECT(O3))+ROWS(INDIRECT(O3))-1,COLUMN(INDIRECT(O3)),1,1) -> Appoggio!$A$11:$A$13 | X3: E' inclusiva di obiettivi e principi?
D4: ✔ | E4: ✔ | F4: ✔ | M4: 1 | N4: =IF(F4<>"",M4,0) -> 1 | O4: Range_1 | P4: {=IF(F4<>"",SUMPRODUCT(MAX((INDIRECT(ADDRESS(1,COLUMN(K$1),2) &":"& ADDRESS(ROW(),COLUMN(K$1),4))<>"")*(ROW(INDIRECT(ADDRESS(1,COLUMN(K$1),2) &":"& ADDRESS(ROW(),COLUMN(K$1),4)))))),239)} -> 3 | Q4: =IF(Y4<>"",VLOOKUP(Y4,INDIRECT(O4),2,0),"") | R4: =IF(Q4<>"",IF(F4<>"",Q4*M4,0),"") | S4: =IF(R4<>"",IF(R4<>0,R4*INDIRECT(ADDRESS(P4,COLUMN(K$1),4,)),0),"") | T4: =IF(R4<>"",R4/SUMIFS(M$3:M$253,P$3:P$253,P4),"") | U4: =IF(R4<>"",SUMIFS(T$3:T$253,P$3:P$253,P4),"") | V4: =IFERROR(INDEX(K:K,P4),0) -> 2 | W4: =ADDRESS(ROW(INDIRECT(O4)),COLUMN(INDIRECT(O4)),1,1,"Appoggio")&":"&ADDRESS(ROW(INDIRECT(O4))+ROWS(INDIRECT(O4))-1,COLUMN(INDIRECT(O4)),1,1) -> Appoggio!$A$11:$A$13 | X4: E' approvata dall'alta direzione
D5: ✔ | E5: ✔ | F5: ✔ | M5: 3 | N5: =IF(F5<>"",M5,0) -> 3 | O5: Range_1 | P5: {=IF(F5<>"",SUMPRODUCT(MAX((INDIRECT(ADDRESS(1,COLUMN(K$1),2) &":"& ADDRESS(ROW(),COLUMN(K$1),4))<>"")*(ROW(INDIRECT(ADDRESS(1,COLUMN(K$1),2) &":"& ADDRESS(ROW(),COLUMN(K$1),4)))))),239)} -> 3 | Q5: =IF(Y5<>"",VLOOKUP(Y5,INDIRECT(O5),2,0),"") | R5: =IF(Q5<>"",IF(F5<>"",Q5*M5,0),"") | S5: =IF(R5<>"",IF(R5<>0,R5*INDIRECT(ADDRESS(P5,COLUMN(K$1),4,)),0),"") | T5: =IF(R5<>"",R5/SUMIFS(M$3:M$253,P$3:P$253,P5),"") | U5: =IF(R5<>"",SUMIFS(T$3:T$253,P$3:P$253,P5),"") | V5: =IFERROR(INDEX(K:K,P5),0) -> 2 | W5: =ADDRESS(ROW(INDIRECT(O5)),COLUMN(INDIRECT(O5)),1,1,"Appoggio")&":"&ADDRESS(ROW(INDIRECT(O5))+ROWS(INDIRECT(O5))-1,COLUMN(INDIRECT(O5)),1,1) -> Appoggio!$A$11:$A$13 | X5: Viene resa disponibile a tutti i soggetti interni ed esterni rilevanti?
D6: ✔ | E6: ✔ | F6: ✔ | M6: 1 | N6: =IF(F6<>"",M6,0) -> 1 | O6: Range_2 | P6: {=IF(F6<>"",SUMPRODUCT(MAX((INDIRECT(ADDRESS(1,COLUMN(K$1),2) &":"& ADDRESS(ROW(),COLUMN(K$1),4))<>"")*(ROW(INDIRECT(ADDRESS(1,COLUMN(K$1),2) &":"& ADDRESS(ROW(),COLUMN(K$1),4)))))),239)} -> 3 | Q6: =IF(Y6<>"",VLOOKUP(Y6,INDIRECT(O6),2,0),"") | R6: =IF(Q6<>"",IF(F6<>"",Q6*M6,0),"") | S6: =IF(R6<>"",IF(R6<>0,R6*INDIRECT(ADDRESS(P6,COLUMN(K$1),4,)),0),"") | T6: =IF(R6<>"",R6/SUMIFS(M$3:M$253,P$3:P$253,P6),"") | U6: =IF(R6<>"",SUMIFS(T$3:T$253,P$3:P$253,P6),"") | V6: =IFERROR(INDEX(K:K,P6),0) -> 2 | W6: =ADDRESS(ROW(INDIRECT(O6)),COLUMN(INDIRECT(O6)),1,1,"Appoggio")&":"&ADDRESS(ROW(INDIRECT(O6))+ROWS(INDIRECT(O6))-1,COLUMN(INDIRECT(O6)),1,1) -> Appoggio!$A$17:$A$18 | X6: Viene aggiornata almeno annualmente?
D7: ✔ | E7: ✔ | F7: ✔ | M7: 3 | N7: =IF(F7<>"",M7,0) -> 3 | O7: Range_2 | P7: {=IF(F7<>"",SUMPRODUCT(MAX((INDIRECT(ADDRESS(1,COLUMN(K$1),2) &":"& ADDRESS(ROW(),COLUMN(K$1),4))<>"")*(ROW(INDIRECT(ADDRESS(1,COLUMN(K$1),2) &":"& ADDRESS(ROW(),COLUMN(K$1),4)))))),239)} -> 3 | Q7: =IF(Y7<>"",VLOOKUP(Y7,INDIRECT(O7),2,0),"") | R7: =IF(Q7<>"",IF(F7<>"",Q7*M7,0),"") | S7: =IF(R7<>"",IF(R7<>0,R7*INDIRECT(ADDRESS(P7,COLUMN(K$1),4,)),0),"") | T7: =IF(R7<>"",R7/SUMIFS(M$3:M$253,P$3:P$253,P7),"") | U7: =IF(R7<>"",SUMIFS(T$3:T$253,P$3:P$253,P7),"") | V7: =IFERROR(INDEX(K:K,P7),0) -> 2 | W7: =ADDRESS(ROW(INDIRECT(O7)),COLUMN(INDIRECT(O7)),1,1,"Appoggio")&":"&ADDRESS(ROW(INDIRECT(O7))+ROWS(INDIRECT(O7))-1,COLUMN(INDIRECT(O7)),1,1) -> Appoggio!$A$17:$A$18 | X7: E' formalizzata in un documento?
B8: GSI.02 | C8: Politiche e procedure verticali collegate alla politica di alto livello | D8: ✔ | E8: ✔ | F8: ✔ | G8: =IF(L8>0,"✔","") -> ✔ | H8: A.5.1 | K8: 2 | L8: =IF(COUNTA(F8:F20)<>0,K8,0) -> 2 | M8: 3 | N8: =IF(F8<>"",M8,0) -> 3 | O8: Range_1 | P8: {=IF(F8<>"",SUMPRODUCT(MAX((INDIRECT(ADDRESS(1,COLUMN(K$1),2) &":"& ADDRESS(ROW(),COLUMN(K$1),4))<>"")*(ROW(INDIRECT(ADDRESS(1,COLUMN(K$1),2) &":"& ADDRESS(ROW(),COLUMN(K$1),4)))))),239)} -> 8 | Q8: =IF(Y8<>"",VLOOKUP(Y8,INDIRECT(O8),2,0),"") | R8: =IF(Q8<>"",IF(F8<>"",Q8*M8,0),"") | S8: =IF(R8<>"",IF(R8<>0,R8*INDIRECT(ADDRESS(P8,COLUMN(K$1),4,)),0),"") | T8: =IF(R8<>"",R8/SUMIFS(M$3:M$253,P$3:P$253,P8),"") | U8: =IF(R8<>"",SUMIFS(T$3:T$253,P$3:P$253,P8),"") | V8: =IFERROR(INDEX(K:K,P8),0) -> 2 | W8: =ADDRESS(ROW(INDIRECT(O8)),COLUMN(INDIRECT(O8)),1,1,"Appoggio")&":"&ADDRESS(ROW(INDIRECT(O8))+ROWS(INDIRECT(O8))-1,COLUMN(INDIRECT(O8)),1,1) -> Appoggio!$A$11:$A$13 | X8: La gestione degli incidenti è indirizzata?
D9: ✔ | E9: ✔ | F9: ✔ | I9: PR.AC-2 | J9: PR.AA-06 | M9: 3 | N9: =IF(F9<>"",M9,0) -> 3 | O9: Range_1 | P9: {=IF(F9<>"",SUMPRODUCT(MAX((INDIRECT(ADDRESS(1,COLUMN(K$1),2) &":"& ADDRESS(ROW(),COLUMN(K$1),4))<>"")*(ROW(INDIRECT(ADDRESS(1,COLUMN(K$1),2) &":"& ADDRESS(ROW(),COLUMN(K$1),4)))))),239)} -> 8 | Q9: =IF(Y9<>"",VLOOKUP(Y9,INDIRECT(O9),2,0),"") | R9: =IF(Q9<>"",IF(F9<>"",Q9*M9,0),"") | S9: =IF(R9<>"",IF(R9<>0,R9*INDIRECT(ADDRESS(P9,COLUMN(K$1),4,)),0),"") | T9: =IF(R9<>"",R9/SUMIFS(M$3:M$253,P$3:P$253,P9),"") | U9: =IF(R9<>"",SUMIFS(T$3:T$253,P$3:P$253,P9),"") | V9: =IFERROR(INDEX(K:K,P9),0) -> 2 | W9: =ADDRESS(ROW(INDIRECT(O9)),COLUMN(INDIRECT(O9)),1,1,"Appoggio")&":"&ADDRESS(ROW(INDIRECT(O9))+ROWS(INDIRECT(O9))-1,COLUMN(INDIRECT(O9)),1,1) -> Appoggio!$A$11:$A$13 | X9: Il controllo degli accessi fisici è indirizzato?
D10: ✔ | E10: ✔ | F10: ✔ | I10: PR.AC-1 | J10: PR.AA-01 PR.AA-05 | M10: 3 | N10: =IF(F10<>"",M10,0) -> 3 | O10: Range_1 | P10: {=IF(F10<>"",SUMPRODUCT(MAX((INDIRECT(ADDRESS(1,COLUMN(K$1),2) &":"& ADDRESS(ROW(),COLUMN(K$1),4))<>"")*(ROW(INDIRECT(ADDRESS(1,COLUMN(K$1),2) &":"& ADDRESS(ROW(),COLUMN(K$1),4)))))),239)} -> 8 | Q10: =IF(Y10<>"",VLOOKUP(Y10,INDIRECT(O10),2,0),"") | R10: =IF(Q10<>"",IF(F10<>"",Q10*M10,0),"") | S10: =IF(R10<>"",IF(R10<>0,R10*INDIRECT(ADDRESS(P10,COLUMN(K$1),4,)),0),"") | T10: =IF(R10<>"",R10/SUMIFS(M$3:M$253,P$3:P$253,P10),"") | U10: =IF(R10<>"",SUMIFS(T$3:T$253,P$3:P$253,P10),"") | V10: =IFERROR(INDEX(K:K,P10),0) -> 2 | W10: =ADDRESS(ROW(INDIRECT(O10)),COLUMN(INDIRECT(O10)),1,1,"Appoggio")&":"&ADDRESS(ROW(INDIRECT(O10))+ROWS(INDIRECT(O10))-1,COLUMN(INDIRECT(O10)),1,1) -> Appoggio!$A$11:$A$13 | X10: Il controllo degli accessi logici è indirizzato?
D11: ✔ | E11: ✔ | F11: ✔ | M11: 2 | N11: =IF(F11<>"",M11,0) -> 2 | O11: Range_1 | P11: {=IF(F11<>"",SUMPRODUCT(MAX((INDIRECT(ADDRESS(1,COLUMN(K$1),2) &":"& ADDRESS(ROW(),COLUMN(K$1),4))<>"")*(ROW(INDIRECT(ADDRESS(1,COLUMN(K$1),2) &":"& ADDRESS(ROW(),COLUMN(K$1),4)))))),239)} -> 8 | Q11: =IF(Y11<>"",VLOOKUP(Y11,INDIRECT(O11),2,0),"") | R11: =IF(Q11<>"",IF(F11<>"",Q11*M11,0),"") | S11: =IF(R11<>"",IF(R11<>0,R11*INDIRECT(ADDRESS(P11,COLUMN(K$1),4,)),0),"") | T11: =IF(R11<>"",R11/SUMIFS(M$3:M$253,P$3:P$253,P11),"") | U11: =IF(R11<>"",SUMIFS(T$3:T$253,P$3:P$253,P11),"") | V11: =IFERROR(INDEX(K:K,P11),0) -> 2 | W11: =ADDRESS(ROW(INDIRECT(O11)),COLUMN(INDIRECT(O11)),1,1,"Appoggio")&":"&ADDRESS(ROW(INDIRECT(O11))+ROWS(INDIRECT(O11))-1,COLUMN(INDIRECT(O11)),1,1) -> Appoggio!$A$11:$A$13 | X11: L'uso accettabile delle risorse IT è indirizzato?
D12: ✔ | E12: ✔ | F12: ✔ | M12: 3 | N12: =IF(F12<>"",M12,0) -> 3 | O12: Range_1 | P12: {=IF(F12<>"",SUMPRODUCT(MAX((INDIRECT(ADDRESS(1,COLUMN(K$1),2) &":"& ADDRESS(ROW(),COLUMN(K$1),4))<>"")*(ROW(INDIRECT(ADDRESS(1,COLUMN(K$1),2) &":"& ADDRESS(ROW(),COLUMN(K$1),4)))))),239)} -> 8 | Q12: =IF(Y12<>"",VLOOKUP(Y12,INDIRECT(O12),2,0),"") | R12: =IF(Q12<>"",IF(F12<>"",Q12*M12,0),"") | S12: =IF(R12<>"",IF(R12<>0,R12*INDIRECT(ADDRESS(P12,COLUMN(K$1),4,)),0),"") | T12: =IF(R12<>"",R12/SUMIFS(M$3:M$253,P$3:P$253,P12),"") | U12: =IF(R12<>"",SUMIFS(T$3:T$253,P$3:P$253,P12),"") | V12: =IFERROR(INDEX(K:K,P12),0) -> 2 | W12: =ADDRESS(ROW(INDIRECT(O12)),COLUMN(INDIRECT(O12)),1,1,"Appoggio")&":"&ADDRESS(ROW(INDIRECT(O12))+ROWS(INDIRECT(O12))-1,COLUMN(INDIRECT(O12)),1,1) -> Appoggio!$A$11:$A$13 | X12: La gestione degli aggiornamenti è indirizzata?
D13: ✔ | E13: ✔ | F13: ✔ | I13: PR.IP-1 | J13: PR.PS-01 | M13: 2 | N13: =IF(F13<>"",M13,0) -> 2 | O13: Range_1 | P13: {=IF(F13<>"",SUMPRODUCT(MAX((INDIRECT(ADDRESS(1,COLUMN(K$1),2) &":"& ADDRESS(ROW(),COLUMN(K$1),4))<>"")*(ROW(INDIRECT(ADDRESS(1,COLUMN(K$1),2) &":"& ADDRESS(ROW(),COLUMN(K$1),4)))))),239)} -> 8 | Q13: =IF(Y13<>"",VLOOKUP(Y13,INDIRECT(O13),2,0),"") | R13: =IF(Q13<>"",IF(F13<>"",Q13*M13,0),"") | S13: =IF(R13<>"",IF(R13<>0,R13*INDIRECT(ADDRESS(P13,COLUMN(K$1),4,)),0),"") | T13: =IF(R13<>"",R13/SUMIFS(M$3:M$253,P$3:P$253,P13),"") | U13: =IF(R13<>"",SUMIFS(T$3:T$253,P$3:P$253,P13),"") | V13: =IFERROR(INDEX(K:K,P13),0) -> 2 | W13: =ADDRESS(ROW(INDIRECT(O13)),COLUMN(INDIRECT(O13)),1,1,"Appoggio")&":"&ADDRESS(ROW(INDIRECT(O13))+ROWS(INDIRECT(O13))-1,COLUMN(INDIRECT(O13)),1,1) -> Appoggio!$A$11:$A$13 | X13: La gestione dei cambiamenti è indirizzata?
D14: ✔ | E14: ✔ | F14: ✔ | M14: 2 | N14: =IF(F14<>"",M14,0) -> 2 | O14: Range_2 | P14: {=IF(F14<>"",SUMPRODUCT(MAX((INDIRECT(ADDRESS(1,COLUMN(K$1),2) &":"& ADDRESS(ROW(),COLUMN(K$1),4))<>"")*(ROW(INDIRECT(ADDRESS(1,COLUMN(K$1),2) &":"& ADDRESS(ROW(),COLUMN(K$1),4)))))),239)} -> 8 | Q14: =IF(Y14<>"",VLOOKUP(Y14,INDIRECT(O14),2,0),"") | R14: =IF(Q14<>"",IF(F14<>"",Q14*M14,0),"") | S14: =IF(R14<>"",IF(R14<>0,R14*INDIRECT(ADDRESS(P14,COLUMN(K$1),4,)),0),"") | T14: =IF(R14<>"",R14/SUMIFS(M$3:M$253,P$3:P$253,P14),"") | U14: =IF(R14<>"",SUMIFS(T$3:T$253,P$3:P$253,P14),"") | V14: =IFERROR(INDEX(K:K,P14),0) -> 2 | W14: =ADDRESS(ROW(INDIRECT(O14)),COLUMN(INDIRECT(O14)),1,1,"Appoggio")&":"&ADDRESS(ROW(INDIRECT(O14))+ROWS(INDIRECT(O14))-1,COLUMN(INDIRECT(O14)),1,1) -> Appoggio!$A$17:$A$18 | X14: Lo sviluppo sicuro del software è indirizzato?
D15: ✔ | E15: ✔ | F15: ✔ | I15: PR.IP-2 | J15: PR.PS-06 ID.AM-08 | M15: 1 | N15: =IF(F15<>"",M15,0) -> 1 | O15: Range_1 | P15: {=IF(F15<>"",SUMPRODUCT(MAX((INDIRECT(ADDRESS(1,COLUMN(K$1),2) &":"& ADDRESS(ROW(),COLUMN(K$1),4))<>"")*(ROW(INDIRECT(ADDRESS(1,COLUMN(K$1),2) &":"& ADDRESS(ROW(),COLUMN(K$1),4)))))),239)} -> 8 | Q15: =IF(Y15<>"",VLOOKUP(Y15,INDIRECT(O15),2,0),"") | R15: =IF(Q15<>"",IF(F15<>"",Q15*M15,0),"") | S15: =IF(R15<>"",IF(R15<>0,R15*INDIRECT(ADDRESS(P15,COLUMN(K$1),4,)),0),"") | T15: =IF(R15<>"",R15/SUMIFS(M$3:M$253,P$3:P$253,P15),"") | U15: =IF(R15<>"",SUMIFS(T$3:T$253,P$3:P$253,P15),"") | V15: =IFERROR(INDEX(K:K,P15),0) -> 2 | W15: =ADDRESS(ROW(INDIRECT(O15)),COLUMN(INDIRECT(O15)),1,1,"Appoggio")&":"&ADDRESS(ROW(INDIRECT(O15))+ROWS(INDIRECT(O15))-1,COLUMN(INDIRECT(O15)),1,1) -> Appoggio!$A$11:$A$13 | X15: La gestione del ciclo di vita dei sistemi è indirizzata?
D16: ✔ | E16: ✔ | F16: ✔ | I16: ID.AM-5 | J16: ID.AM-05 | M16: 2 | N16: =IF(F16<>"",M16,0) -> 2 | O16: Range_1 | P16: {=IF(F16<>"",SUMPRODUCT(MAX((INDIRECT(ADDRESS(1,COLUMN(K$1),2) &":"& ADDRESS(ROW(),COLUMN(K$1),4))<>"")*(ROW(INDIRECT(ADDRESS(1,COLUMN(K$1),2) &":"& ADDRESS(ROW(),COLUMN(K$1),4)))))),239)} -> 8 | Q16: =IF(Y16<>"",VLOOKUP(Y16,INDIRECT(O16),2,0),"") | R16: =IF(Q16<>"",IF(F16<>"",Q16*M16,0),"") | S16: =IF(R16<>"",IF(R16<>0,R16*INDIRECT(ADDRESS(P16,COLUMN(K$1),4,)),0),"") | T16: =IF(R16<>"",R16/SUMIFS(M$3:M$253,P$3:P$253,P16),"") | U16: =IF(R16<>"",SUMIFS(T$3:T$253,P$3:P$253,P16),"") | V16: =IFERROR(INDEX(K:K,P16),0) -> 2 | W16: =ADDRESS(ROW(INDIRECT(O16)),COLUMN(INDIRECT(O16)),1,1,"Appoggio")&":"&ADDRESS(ROW(INDIRECT(O16))+ROWS(INDIRECT(O16))-1,COLUMN(INDIRECT(O16)),1,1) -> Appoggio!$A$11:$A$13 | X16: La classificazione delle informazioni è indirizzata?
D17: ✔ | E17: ✔ | F17: ✔ | I17: PR.PT-1 | J17: PR.PS-04 | M17: 2 | N17: =IF(F17<>"",M17,0) -> 2 | O17: Range_1 | P17: {=IF(F17<>"",SUMPRODUCT(MAX((INDIRECT(ADDRESS(1,COLUMN(K$1),2) &":"& ADDRESS(ROW(),COLUMN(K$1),4))<>"")*(ROW(INDIRECT(ADDRESS(1,COLUMN(K$1),2) &":"& ADDRESS(ROW(),COLUMN(K$1),4)))))),239)} -> 8 | Q17: =IF(Y17<>"",VLOOKUP(Y17,INDIRECT(O17),2,0),"") | R17: =IF(Q17<>"",IF(F17<>"",Q17*M17,0),"") | S17: =IF(R17<>"",IF(R17<>0,R17*INDIRECT(ADDRESS(P17,COLUMN(K$1),4,)),0),"") | T17: =IF(R17<>"",R17/SUMIFS(M$3:M$253,P$3:P$253,P17),"") | U17: =IF(R17<>"",SUMIFS(T$3:T$253,P$3:P$253,P17),"") | V17: =IFERROR(INDEX(K:K,P17),0) -> 2 | W17: =ADDRESS(ROW(INDIRECT(O17)),COLUMN(INDIRECT(O17)),1,1,"Appoggio")&":"&ADDRESS(ROW(INDIRECT(O17))+ROWS(INDIRECT(O17))-1,COLUMN(INDIRECT(O17)),1,1) -> Appoggio!$A$11:$A$13 | X17: La gestione dei log è indirizzata?
D18: ✔ | E18: ✔ | F18: ✔ | I18: DP-ID.DM-1 | J18: DP-ID.DM-01 | M18: 1 | N18: =IF(F18<>"",M18,0) -> 1 | O18: Range_1 | P18: {=IF(F18<>"",SUMPRODUCT(MAX((INDIRECT(ADDRESS(1,COLUMN(K$1),2) &":"& ADDRESS(ROW(),COLUMN(K$1),4))<>"")*(ROW(INDIRECT(ADDRESS(1,COLUMN(K$1),2) &":"& ADDRESS(ROW(),COLUMN(K$1),4)))))),239)} -> 8 | Q18: =IF(Y18<>"",VLOOKUP(Y18,INDIRECT(O18),2,0),"") | R18: =IF(Q18<>"",IF(F18<>"",Q18*M18,0),"") | S18: =IF(R18<>"",IF(R18<>0,R18*INDIRECT(ADDRESS(P18,COLUMN(K$1),4,)),0),"") | T18: =IF(R18<>"",R18/SUMIFS(M$3:M$253,P$3:P$253,P18),"") | U18: =IF(R18<>"",SUMIFS(T$3:T$253,P$3:P$253,P18),"") | V18: =IFERROR(INDEX(K:K,P18),0) -> 2 | W18: =ADDRESS(ROW(INDIRECT(O18)),COLUMN(INDIRECT(O18)),1,1,"Appoggio")&":"&ADDRESS(ROW(INDIRECT(O18))+ROWS(INDIRECT(O18))-1,COLUMN(INDIRECT(O18)),1,1) -> Appoggio!$A$11:$A$13 | X18: Il ciclo di vita dei dati è indirizzato?
D19: ✔ | E19: ✔ | F19: ✔ | I19: ID.SC-1 | J19: GV.SC-01 GV.SC-06 GV.SC-09 GV.SC-10 GV.RM-05 | M19: 2 | N19: =IF(F19<>"",M19,0) -> 2 | O19: Range_1 | P19: {=IF(F19<>"",SUMPRODUCT(MAX((INDIRECT(ADDRESS(1,COLUMN(K$1),2) &":"& ADDRESS(ROW(),COLUMN(K$1),4))<>"")*(ROW(INDIRECT(ADDRESS(1,COLUMN(K$1),2) &":"& ADDRESS(ROW(),COLUMN(K$1),4)))))),239)} -> 8 | Q19: =IF(Y19<>"",VLOOKUP(Y19,INDIRECT(O19),2,0),"") | R19: =IF(Q19<>"",IF(F19<>"",Q19*M19,0),"") | S19: =IF(R19<>"",IF(R19<>0,R19*INDIRECT(ADDRESS(P19,COLUMN(K$1),4,)),0),"") | T19: =IF(R19<>"",R19/SUMIFS(M$3:M$253,P$3:P$253,P19),"") | U19: =IF(R19<>"",SUMIFS(T$3:T$253,P$3:P$253,P19),"") | V19: =IFERROR(INDEX(K:K,P19),0) -> 2 | W19: =ADDRESS(ROW(INDIRECT(O19)),COLUMN(INDIRECT(O19)),1,1,"Appoggio")&":"&ADDRESS(ROW(INDIRECT(O19))+ROWS(INDIRECT(O19))-1,COLUMN(INDIRECT(O19)),1,1) -> Appoggio!$A$11:$A$13 | X19: La gestione dei fornitori è indirizzata?
D20: ✔ | E20: ✔ | F20: ✔ | J20: RC.CO-03 | M20: 1 | N20: =IF(F20<>"",M20,0) -> 1 | O20: Range_2 | P20: {=IF(F20<>"",SUMPRODUCT(MAX((INDIRECT(ADDRESS(1,COLUMN(K$1),2) &":"& ADDRESS(ROW(),COLUMN(K$1),4))<>"")*(ROW(INDIRECT(ADDRESS(1,COLUMN(K$1),2) &":"& ADDRESS(ROW(),COLUMN(K$1),4)))))),239)} -> 8 | Q20: =IF(Y20<>"",VLOOKUP(Y20,INDIRECT(O20),2,0),"") | R20: =IF(Q20<>"",IF(F20<>"",Q20*M20,0),"") | S20: =IF(R20<>"",IF(R20<>0,R20*INDIRECT(ADDRESS(P20,COLUMN(K$1),4,)),0),"") | T20: =IF(R20<>"",R20/SUMIFS(M$3:M$253,P$3:P$253,P20),"") | U20: =IF(R20<>"",SUMIFS(T$3:T$253,P$3:P$253,P20),"") | V20: =IFERROR(INDEX(K:K,P20),0) -> 2 | W20: =ADDRESS(ROW(INDIRECT(O20)),COLUMN(INDIRECT(O20)),1,1,"Appoggio")&":"&ADDRESS(ROW(INDIRECT(O20))+ROWS(INDIRECT(O20))-1,COLUMN(INDIRECT(O20)),1,1) -> Appoggio!$A$17:$A$18 | X20: Sono riesaminate ed eventualmente aggiornate almeno annualmente o in caso di cambiamenti significativi?
B21: GSI.03 | C21: Piano per la gestione della continuità operativa | D21: ✔ | F21: ✔ | G21: =IF(L21>0,"✔","") -> ✔ | H21: A.5.30 | I21: PR.IP-9 PR.IP-10 RC.RP-1 RC.IM-1 RC.IM-2 | J21: ID.IM-02 ID.IM-03 ID.IM-04 RS.MA-05 RC.RP-01 RC.RP-02 | K21: 1 | L21: =IF(COUNTA(F21:F24)<>0,K21,0) -> 1 | M21: 3 | N21: =IF(F21<>"",M21,0) -> 3 | O21: Range_1 | P21: {=IF(F21<>"",SUMPRODUCT(MAX((INDIRECT(ADDRESS(1,COLUMN(K$1),2) &":"& ADDRESS(ROW(),COLUMN(K$1),4))<>"")*(ROW(INDIRECT(ADDRESS(1,COLUMN(K$1),2) &":"& ADDRESS(ROW(),COLUMN(K$1),4)))))),239)} -> 21 | Q21: =IF(Y21<>"",VLOOKUP(Y21,INDIRECT(O21),2,0),"") | R21: =IF(Q21<>"",IF(F21<>"",Q21*M21,0),"") | S21: =IF(R21<>"",IF(R21<>0,R21*INDIRECT(ADDRESS(P21,COLUMN(K$1),4,)),0),"") | T21: =IF(R21<>"",R21/SUMIFS(M$3:M$253,P$3:P$253,P21),"") | U21: =IF(R21<>"",SUMIFS(T$3:T$253,P$3:P$253,P21),"") | V21: =IFERROR(INDEX(K:K,P21),0) -> 1 | W21: =ADDRESS(ROW(INDIRECT(O21)),COLUMN(INDIRECT(O21)),1,1,"Appoggio")&":"&ADDRESS(ROW(INDIRECT(O21))+ROWS(INDIRECT(O21))-1,COLUMN(INDIRECT(O21)),1,1) -> Appoggio!$A$11:$A$13 | X21: Viene testato con periodicità almeno annuale?
D22: ✔ | F22: ✔ | M22: 2 | N22: =IF(F22<>"",M22,0) -> 2 | O22: Range_1 | P22: {=IF(F22<>"",SUMPRODUCT(MAX((INDIRECT(ADDRESS(1,COLUMN(K$1),2) &":"& ADDRESS(ROW(),COLUMN(K$1),4))<>"")*(ROW(INDIRECT(ADDRESS(1,COLUMN(K$1),2) &":"& ADDRESS(ROW(),COLUMN(K$1),4)))))),239)} -> 21 | Q22: =IF(Y22<>"",VLOOKUP(Y22,INDIRECT(O22),2,0),"") | R22: =IF(Q22<>"",IF(F22<>"",Q22*M22,0),"") | S22: =IF(R22<>"",IF(R22<>0,R22*INDIRECT(ADDRESS(P22,COLUMN(K$1),4,)),0),"") | T22: =IF(R22<>"",R22/SUMIFS(M$3:M$253,P$3:P$253,P22),"") | U22: =IF(R22<>"",SUMIFS(T$3:T$253,P$3:P$253,P22),"") | V22: =IFERROR(INDEX(K:K,P22),0) -> 1 | W22: =ADDRESS(ROW(INDIRECT(O22)),COLUMN(INDIRECT(O22)),1,1,"Appoggio")&":"&ADDRESS(ROW(INDIRECT(O22))+ROWS(INDIRECT(O22))-1,COLUMN(INDIRECT(O22)),1,1) -> Appoggio!$A$11:$A$13 | X22: Include la parte IT con una Business Impact Analysis ad esso relativa?
D23: ✔ | F23: ✔ | M23: 2 | N23: =IF(F23<>"",M23,0) -> 2 | O23: Range_1 | P23: {=IF(F23<>"",SUMPRODUCT(MAX((INDIRECT(ADDRESS(1,COLUMN(K$1),2) &":"& ADDRESS(ROW(),COLUMN(K$1),4))<>"")*(ROW(INDIRECT(ADDRESS(1,COLUMN(K$1),2) &":"& ADDRESS(ROW(),COLUMN(K$1),4)))))),239)} -> 21 | Q23: =IF(Y23<>"",VLOOKUP(Y23,INDIRECT(O23),2,0),"") | R23: =IF(Q23<>"",IF(F23<>"",Q23*M23,0),"") | S23: =IF(R23<>"",IF(R23<>0,R23*INDIRECT(ADDRESS(P23,COLUMN(K$1),4,)),0),"") | T23: =IF(R23<>"",R23/SUMIFS(M$3:M$253,P$3:P$253,P23),"") | U23: =IF(R23<>"",SUMIFS(T$3:T$253,P$3:P$253,P23),"") | V23: =IFERROR(INDEX(K:K,P23),0) -> 1 | W23: =ADDRESS(ROW(INDIRECT(O23)),COLUMN(INDIRECT(O23)),1,1,"Appoggio")&":"&ADDRESS(ROW(INDIRECT(O23))+ROWS(INDIRECT(O23))-1,COLUMN(INDIRECT(O23)),1,1) -> Appoggio!$A$11:$A$13 | X23: Prevede un piano di disaster recovery per i servizi critici?
D24: ✔ | F24: ✔ | M24: 3 | N24: =IF(F24<>"",M24,0) -> 3 | O24: Range_1 | P24: {=IF(F24<>"",SUMPRODUCT(MAX((INDIRECT(ADDRESS(1,COLUMN(K$1),2) &":"& ADDRESS(ROW(),COLUMN(K$1),4))<>"")*(ROW(INDIRECT(ADDRESS(1,COLUMN(K$1),2) &":"& ADDRESS(ROW(),COLUMN(K$1),4)))))),239)} -> 21 | Q24: =IF(Y24<>"",VLOOKUP(Y24,INDIRECT(O24),2,0),"") | R24: =IF(Q24<>"",IF(F24<>"",Q24*M24,0),"") | S24: =IF(R24<>"",IF(R24<>0,R24*INDIRECT(ADDRESS(P24,COLUMN(K$1),4,)),0),"") | T24: =IF(R24<>"",R24/SUMIFS(M$3:M$253,P$3:P$253,P24),"") | U24: =IF(R24<>"",SUMIFS(T$3:T$253,P$3:P$253,P24),"") | V24: =IFERROR(INDEX(K:K,P24),0) -> 1 | W24: =ADDRESS(ROW(INDIRECT(O24)),COLUMN(INDIRECT(O24)),1,1,"Appoggio")&":"&ADDRESS(ROW(INDIRECT(O24))+ROWS(INDIRECT(O24))-1,COLUMN(INDIRECT(O24)),1,1) -> Appoggio!$A$11:$A$13 | X24: E' mantenuto aggiornato almeno annualmente?
B25: GSI.04 | C25: Continuità operativa dei sistemi ICT | D25: ✔ | F25: ✔ | G25: =IF(L25>0,"✔","") -> ✔ | H25: A.5.30 | I25: PR.IP-4 | J25: PR.DS-11 | K25: 2 | L25: =IF(COUNTA(F25:F28)<>0,K25,0) -> 2 | M25: 3 | N25: =IF(F25<>"",M25,0) -> 3 | O25: Range_1 | P25: {=IF(F25<>"",SUMPRODUCT(MAX((INDIRECT(ADDRESS(1,COLUMN(K$1),2) &":"& ADDRESS(ROW(),COLUMN(K$1),4))<>"")*(ROW(INDIRECT(ADDRESS(1,COLUMN(K$1),2) &":"& ADDRESS(ROW(),COLUMN(K$1),4)))))),239)} -> 25 | Q25: =IF(Y25<>"",VLOOKUP(Y25,INDIRECT(O25),2,0),"") | R25: =IF(Q25<>"",IF(F25<>"",Q25*M25,0),"") | S25: =IF(R25<>"",IF(R25<>0,R25*INDIRECT(ADDRESS(P25,COLUMN(K$1),4,)),0),"") | T25: =IF(R25<>"",R25/SUMIFS(M$3:M$253,P$3:P$253,P25),"") | U25: =IF(R25<>"",SUMIFS(T$3:T$253,P$3:P$253,P25),"") | V25: =IFERROR(INDEX(K:K,P25),0) -> 2 | W25: =ADDRESS(ROW(INDIRECT(O25)),COLUMN(INDIRECT(O25)),1,1,"Appoggio")&":"&ADDRESS(ROW(INDIRECT(O25))+ROWS(INDIRECT(O25))-1,COLUMN(INDIRECT(O25)),1,1) -> Appoggio!$A$11:$A$13 | X25: E' assicurata tramite il mantenimento di una terza copia di backup dei dati in un sito remoto?
D26: ✔ | F26: ✔ | I26: PR.DS-4 | J26: PR.IR-04 | M26: 2 | N26: =IF(F26<>"",M26,0) -> 2 | O26: Range_1 | P26: {=IF(F26<>"",SUMPRODUCT(MAX((INDIRECT(ADDRESS(1,COLUMN(K$1),2) &":"& ADDRESS(ROW(),COLUMN(K$1),4))<>"")*(ROW(INDIRECT(ADDRESS(1,COLUMN(K$1),2) &":"& ADDRESS(ROW(),COLUMN(K$1),4)))))),239)} -> 25 | Q26: =IF(Y26<>"",VLOOKUP(Y26,INDIRECT(O26),2,0),"") | R26: =IF(Q26<>"",IF(F26<>"",Q26*M26,0),"") | S26: =IF(R26<>"",IF(R26<>0,R26*INDIRECT(ADDRESS(P26,COLUMN(K$1),4,)),0),"") | T26: =IF(R26<>"",R26/SUMIFS(M$3:M$253,P$3:P$253,P26),"") | U26: =IF(R26<>"",SUMIFS(T$3:T$253,P$3:P$253,P26),"") | V26: =IFERROR(INDEX(K:K,P26),0) -> 2 | W26: =ADDRESS(ROW(INDIRECT(O26)),COLUMN(INDIRECT(O26)),1,1,"Appoggio")&":"&ADDRESS(ROW(INDIRECT(O26))+ROWS(INDIRECT(O26))-1,COLUMN(INDIRECT(O26)),1,1) -> Appoggio!$A$11:$A$13 | X26: E' assicurata tramite l'allocazione di risorse dimensionate in modo da garantire sempre la disponibilità?
D27: ✔ | F27: ✔ | I27: PR.PT-5 | J27: PR.IR-03 | M27: 3 | N27: =IF(F27<>"",M27,0) -> 3 | O27: Range_1 | P27: {=IF(F27<>"",SUMPRODUCT(MAX((INDIRECT(ADDRESS(1,COLUMN(K$1),2) &":"& ADDRESS(ROW(),COLUMN(K$1),4))<>"")*(ROW(INDIRECT(ADDRESS(1,COLUMN(K$1),2) &":"& ADDRESS(ROW(),COLUMN(K$1),4)))))),239)} -> 25 | Q27: =IF(Y27<>"",VLOOKUP(Y27,INDIRECT(O27),2,0),"") | R27: =IF(Q27<>"",IF(F27<>"",Q27*M27,0),"") | S27: =IF(R27<>"",IF(R27<>0,R27*INDIRECT(ADDRESS(P27,COLUMN(K$1),4,)),0),"") | T27: =IF(R27<>"",R27/SUMIFS(M$3:M$253,P$3:P$253,P27),"") | U27: =IF(R27<>"",SUMIFS(T$3:T$253,P$3:P$253,P27),"") | V27: =IFERROR(INDEX(K:K,P27),0) -> 2 | W27: =ADDRESS(ROW(INDIRECT(O27)),COLUMN(INDIRECT(O27)),1,1,"Appoggio")&":"&ADDRESS(ROW(INDIRECT(O27))+ROWS(INDIRECT(O27))-1,COLUMN(INDIRECT(O27)),1,1) -> Appoggio!$A$11:$A$13 | X27: E' assicurata tramite la ridondanza locale di tutti i sistemi critici adottando soluzioni ad alta affidabilità?
D28: ✔ | F28: ✔ | I28: PR.IP-9 | J28: ID.IM-04 | M28: 2 | N28: =IF(F28<>"",M28,0) -> 2 | O28: Range_1 | P28: {=IF(F28<>"",SUMPRODUCT(MAX((INDIRECT(ADDRESS(1,COLUMN(K$1),2) &":"& ADDRESS(ROW(),COLUMN(K$1),4))<>"")*(ROW(INDIRECT(ADDRESS(1,COLUMN(K$1),2) &":"& ADDRESS(ROW(),COLUMN(K$1),4)))))),239)} -> 25 | Q28: =IF(Y28<>"",VLOOKUP(Y28,INDIRECT(O28),2,0),"") | R28: =IF(Q28<>"",IF(F28<>"",Q28*M28,0),"") | S28: =IF(R28<>"",IF(R28<>0,R28*INDIRECT(ADDRESS(P28,COLUMN(K$1),4,)),0),"") | T28: =IF(R28<>"",R28/SUMIFS(M$3:M$253,P$3:P$253,P28),"") | U28: =IF(R28<>"",SUMIFS(T$3:T$253,P$3:P$253,P28),"") | V28: =IFERROR(INDEX(K:K,P28),0) -> 2 | W28: =ADDRESS(ROW(INDIRECT(O28)),COLUMN(INDIRECT(O28)),1,1,"Appoggio")&":"&ADDRESS(ROW(INDIRECT(O28))+ROWS(INDIRECT(O28))-1,COLUMN(INDIRECT(O28)),1,1) -> Appoggio!$A$11:$A$13 | X28: E' assicurata tramite la ridondanza geografica di tutti i sistemi critici in un sito remoto situato a più di 50 km dal sito primario?
B29: GSI.05 | C29: Responsabilità in merito alla cybersecurity / sicurezza delle informazioni / sicurezza informatica | D29: ✔ | F29: ✔ | G29: =IF(L29>0,"✔","") -> ✔ | H29: A.5.2 | I29: ID.AM-6 ID.GV-2 DE.DP.1 RS.CO-1 | J29: GV.SC-02 GV.OC-02 GV.RR-02 PR.AT-01 | K29: 2 | L29: =IF(COUNTA(F29:F35)<>0,K29,0) -> 2 | M29: 3 | N29: =IF(F29<>"",M29,0) -> 3 | O29: Range_1 | P29: {=IF(F29<>"",SUMPRODUCT(MAX((INDIRECT(ADDRESS(1,COLUMN(K$1),2) &":"& ADDRESS(ROW(),COLUMN(K$1),4))<>"")*(ROW(INDIRECT(ADDRESS(1,COLUMN(K$1),2) &":"& ADDRESS(ROW(),COLUMN(K$1),4)))))),239)} -> 29 | Q29: =IF(Y29<>"",VLOOKUP(Y29,INDIRECT(O29),2,0),"") | R29: =IF(Q29<>"",IF(F29<>"",Q29*M29,0),"") | S29: =IF(R29<>"",IF(R29<>0,R29*INDIRECT(ADDRESS(P29,COLUMN(K$1),4,)),0),"") | T29: =IF(R29<>"",R29/SUMIFS(M$3:M$253,P$3:P$253,P29),"") | U29: =IF(R29<>"",SUMIFS(T$3:T$253,P$3:P$253,P29),"") | V29: =IFERROR(INDEX(K:K,P29),0) -> 2 | W29: =ADDRESS(ROW(INDIRECT(O29)),COLUMN(INDIRECT(O29)),1,1,"Appoggio")&":"&ADDRESS(ROW(INDIRECT(O29))+ROWS(INDIRECT(O29))-1,COLUMN(INDIRECT(O29)),1,1) -> Appoggio!$A$11:$A$13 | X29: Sono assegnate ad un Responsabile della Sicurezza delle Informazioni / Cybersecurity o CISO che riporta al responsabile IT o superiore?
D30: ✔ | F30: ✔ | M30: 2 | N30: =IF(F30<>"",M30,0) -> 2 | O30: Range_1 | P30: {=IF(F30<>"",SUMPRODUCT(MAX((INDIRECT(ADDRESS(1,COLUMN(K$1),2) &":"& ADDRESS(ROW(),COLUMN(K$1),4))<>"")*(ROW(INDIRECT(ADDRESS(1,COLUMN(K$1),2) &":"& ADDRESS(ROW(),COLUMN(K$1),4)))))),239)} -> 29 | Q30: =IF(Y30<>"",VLOOKUP(Y30,INDIRECT(O30),2,0),"") | R30: =IF(Q30<>"",IF(F30<>"",Q30*M30,0),"") | S30: =IF(R30<>"",IF(R30<>0,R30*INDIRECT(ADDRESS(P30,COLUMN(K$1),4,)),0),"") | T30: =IF(R30<>"",R30/SUMIFS(M$3:M$253,P$3:P$253,P30),"") | U30: =IF(R30<>"",SUMIFS(T$3:T$253,P$3:P$253,P30),"") | V30: =IFERROR(INDEX(K:K,P30),0) -> 2 | W30: =ADDRESS(ROW(INDIRECT(O30)),COLUMN(INDIRECT(O30)),1,1,"Appoggio")&":"&ADDRESS(ROW(INDIRECT(O30))+ROWS(INDIRECT(O30))-1,COLUMN(INDIRECT(O30)),1,1) -> Appoggio!$A$11:$A$13 | X30: Sono assegnate a chi gestisce dei sistemi informativi per garantirne la protezione?
D31: ✔ | F31: ✔ | M31: 2 | N31: =IF(F31<>"",M31,0) -> 2 | O31: Range_1 | P31: {=IF(F31<>"",SUMPRODUCT(MAX((INDIRECT(ADDRESS(1,COLUMN(K$1),2) &":"& ADDRESS(ROW(),COLUMN(K$1),4))<>"")*(ROW(INDIRECT(ADDRESS(1,COLUMN(K$1),2) &":"& ADDRESS(ROW(),COLUMN(K$1),4)))))),239)} -> 29 | Q31: =IF(Y31<>"",VLOOKUP(Y31,INDIRECT(O31),2,0),"") | R31: =IF(Q31<>"",IF(F31<>"",Q31*M31,0),"") | S31: =IF(R31<>"",IF(R31<>0,R31*INDIRECT(ADDRESS(P31,COLUMN(K$1),4,)),0),"") | T31: =IF(R31<>"",R31/SUMIFS(M$3:M$253,P$3:P$253,P31),"") | U31: =IF(R31<>"",SUMIFS(T$3:T$253,P$3:P$253,P31),"") | V31: =IFERROR(INDEX(K:K,P31),0) -> 2 | W31: =ADDRESS(ROW(INDIRECT(O31)),COLUMN(INDIRECT(O31)),1,1,"Appoggio")&":"&ADDRESS(ROW(INDIRECT(O31))+ROWS(INDIRECT(O31))-1,COLUMN(INDIRECT(O31)),1,1) -> Appoggio!$A$11:$A$13 | X31: Sono assegnate a tutto il personale affinché le informazioni e i sistemi informativi siano utilizzati correttamente?
D32: ✔ | F32: ✔ | M32: 2 | N32: =IF(F32<>"",M32,0) -> 2 | O32: Range_1 | P32: {=IF(F32<>"",SUMPRODUCT(MAX((INDIRECT(ADDRESS(1,COLUMN(K$1),2) &":"& ADDRESS(ROW(),COLUMN(K$1),4))<>"")*(ROW(INDIRECT(ADDRESS(1,COLUMN(K$1),2) &":"& ADDRESS(ROW(),COLUMN(K$1),4)))))),239)} -> 29 | Q32: =IF(Y32<>"",VLOOKUP(Y32,INDIRECT(O32),2,0),"") | R32: =IF(Q32<>"",IF(F32<>"",Q32*M32,0),"") | S32: =IF(R32<>"",IF(R32<>0,R32*INDIRECT(ADDRESS(P32,COLUMN(K$1),4,)),0),"") | T32: =IF(R32<>"",R32/SUMIFS(M$3:M$253,P$3:P$253,P32),"") | U32: =IF(R32<>"",SUMIFS(T$3:T$253,P$3:P$253,P32),"") | V32: =IFERROR(INDEX(K:K,P32),0) -> 2 | W32: =ADDRESS(ROW(INDIRECT(O32)),COLUMN(INDIRECT(O32)),1,1,"Appoggio")&":"&ADDRESS(ROW(INDIRECT(O32))+ROWS(INDIRECT(O32))-1,COLUMN(INDIRECT(O32)),1,1) -> Appoggio!$A$11:$A$13 | X32: Sono assegnate alle terze parti che hanno un ruolo nella protezione delle informazioni?
D33: ✔ | F33: ✔ | M33: 2 | N33: =IF(F33<>"",M33,0) -> 2 | O33: Range_1 | P33: {=IF(F33<>"",SUMPRODUCT(MAX((INDIRECT(ADDRESS(1,COLUMN(K$1),2) &":"& ADDRESS(ROW(),COLUMN(K$1),4))<>"")*(ROW(INDIRECT(ADDRESS(1,COLUMN(K$1),2) &":"& ADDRESS(ROW(),COLUMN(K$1),4)))))),239)} -> 29 | Q33: =IF(Y33<>"",VLOOKUP(Y33,INDIRECT(O33),2,0),"") | R33: =IF(Q33<>"",IF(F33<>"",Q33*M33,0),"") | S33: =IF(R33<>"",IF(R33<>0,R33*INDIRECT(ADDRESS(P33,COLUMN(K$1),4,)),0),"") | T33: =IF(R33<>"",R33/SUMIFS(M$3:M$253,P$3:P$253,P33),"") | U33: =IF(R33<>"",SUMIFS(T$3:T$253,P$3:P$253,P33),"") | V33: =IFERROR(INDEX(K:K,P33),0) -> 2 | W33: =ADDRESS(ROW(INDIRECT(O33)),COLUMN(INDIRECT(O33)),1,1,"Appoggio")&":"&ADDRESS(ROW(INDIRECT(O33))+ROWS(INDIRECT(O33))-1,COLUMN(INDIRECT(O33)),1,1) -> Appoggio!$A$11:$A$13 | X33: Sono assegnate a chi deve intraprendere azioni specifiche in caso di emergenza o incidente?
D34: ✔ | F34: ✔ | M34: 2 | N34: =IF(F34<>"",M34,0) -> 2 | O34: Range_1 | P34: {=IF(F34<>"",SUMPRODUCT(MAX((INDIRECT(ADDRESS(1,COLUMN(K$1),2) &":"& ADDRESS(ROW(),COLUMN(K$1),4))<>"")*(ROW(INDIRECT(ADDRESS(1,COLUMN(K$1),2) &":"& ADDRESS(ROW(),COLUMN(K$1),4)))))),239)} -> 29 | Q34: =IF(Y34<>"",VLOOKUP(Y34,INDIRECT(O34),2,0),"") | R34: =IF(Q34<>"",IF(F34<>"",Q34*M34,0),"") | S34: =IF(R34<>"",IF(R34<>0,R34*INDIRECT(ADDRESS(P34,COLUMN(K$1),4,)),0),"") | T34: =IF(R34<>"",R34/SUMIFS(M$3:M$253,P$3:P$253,P34),"") | U34: =IF(R34<>"",SUMIFS(T$3:T$253,P$3:P$253,P34),"") | V34: =IFERROR(INDEX(K:K,P34),0) -> 2 | W34: =ADDRESS(ROW(INDIRECT(O34)),COLUMN(INDIRECT(O34)),1,1,"Appoggio")&":"&ADDRESS(ROW(INDIRECT(O34))+ROWS(INDIRECT(O34))-1,COLUMN(INDIRECT(O34)),1,1) -> Appoggio!$A$11:$A$13 | X34: Sono assegnate a chi deve monitorare i sistemi informativi?
D35: ✔ | F35: ✔ | M35: 2 | N35: =IF(F35<>"",M35,0) -> 2 | O35: Range_1 | P35: {=IF(F35<>"",SUMPRODUCT(MAX((INDIRECT(ADDRESS(1,COLUMN(K$1),2) &":"& ADDRESS(ROW(),COLUMN(K$1),4))<>"")*(ROW(INDIRECT(ADDRESS(1,COLUMN(K$1),2) &":"& ADDRESS(ROW(),COLUMN(K$1),4)))))),239)} -> 29 | Q35: =IF(Y35<>"",VLOOKUP(Y35,INDIRECT(O35),2,0),"") | R35: =IF(Q35<>"",IF(F35<>"",Q35*M35,0),"") | S35: =IF(R35<>"",IF(R35<>0,R35*INDIRECT(ADDRESS(P35,COLUMN(K$1),4,)),0),"") | T35: =IF(R35<>"",R35/SUMIFS(M$3:M$253,P$3:P$253,P35),"") | U35: =IF(R35<>"",SUMIFS(T$3:T$253,P$3:P$253,P35),"") | V35: =IFERROR(INDEX(K:K,P35),0) -> 2 | W35: =ADDRESS(ROW(INDIRECT(O35)),COLUMN(INDIRECT(O35)),1,1,"Appoggio")&":"&ADDRESS(ROW(INDIRECT(O35))+ROWS(INDIRECT(O35))-1,COLUMN(INDIRECT(O35)),1,1) -> Appoggio!$A$11:$A$13 | X35: Sono documentate e mantenute aggiornate?
B36: GSI.06 | C36: Responsabilità in merito alla protezione dei dati personali | D36: ✔ | F36: ✔ | G36: =IF(L36>0,"✔","") -> ✔ | H36: - | I36: DP-ID.AM-7 | J36: DP-GV.RR-05 | K36: 1 | L36: =IF(COUNTA(F36:F40)<>0,K36,0) -> 1 | M36: 3 | N36: =IF(F36<>"",M36,0) -> 3 | O36: Range_1 | P36: {=IF(F36<>"",SUMPRODUCT(MAX((INDIRECT(ADDRESS(1,COLUMN(K$1),2) &":"& ADDRESS(ROW(),COLUMN(K$1),4))<>"")*(ROW(INDIRECT(ADDRESS(1,COLUMN(K$1),2) &":"& ADDRESS(ROW(),COLUMN(K$1),4)))))),239)} -> 36 | Q36: =IF(Y36<>"",VLOOKUP(Y36,INDIRECT(O36),2,0),"") | R36: =IF(Q36<>"",IF(F36<>"",Q36*M36,0),"") | S36: =IF(R36<>"",IF(R36<>0,R36*INDIRECT(ADDRESS(P36,COLUMN(K$1),4,)),0),"") | T36: =IF(R36<>"",R36/SUMIFS(M$3:M$253,P$3:P$253,P36),"") | U36: =IF(R36<>"",SUMIFS(T$3:T$253,P$3:P$253,P36),"") | V36: =IFERROR(INDEX(K:K,P36),0) -> 1 | W36: =ADDRESS(ROW(INDIRECT(O36)),COLUMN(INDIRECT(O36)),1,1,"Appoggio")&":"&ADDRESS(ROW(INDIRECT(O36))+ROWS(INDIRECT(O36))-1,COLUMN(INDIRECT(O36)),1,1) -> Appoggio!$A$11:$A$13 | X36: Sono assegnate ad un Privacy Officer/Manager o equivalente?
D37: ✔ | F37: ✔ | M37: 2 | N37: =IF(F37<>"",M37,0) -> 2 | O37: Range_1 | P37: {=IF(F37<>"",SUMPRODUCT(MAX((INDIRECT(ADDRESS(1,COLUMN(K$1),2) &":"& ADDRESS(ROW(),COLUMN(K$1),4))<>"")*(ROW(INDIRECT(ADDRESS(1,COLUMN(K$1),2) &":"& ADDRESS(ROW(),COLUMN(K$1),4)))))),239)} -> 36 | Q37: =IF(Y37<>"",VLOOKUP(Y37,INDIRECT(O37),2,0),"") | R37: =IF(Q37<>"",IF(F37<>"",Q37*M37,0),"") | S37: =IF(R37<>"",IF(R37<>0,R37*INDIRECT(ADDRESS(P37,COLUMN(K$1),4,)),0),"") | T37: =IF(R37<>"",R37/SUMIFS(M$3:M$253,P$3:P$253,P37),"") | U37: =IF(R37<>"",SUMIFS(T$3:T$253,P$3:P$253,P37),"") | V37: =IFERROR(INDEX(K:K,P37),0) -> 1 | W37: =ADDRESS(ROW(INDIRECT(O37)),COLUMN(INDIRECT(O37)),1,1,"Appoggio")&":"&ADDRESS(ROW(INDIRECT(O37))+ROWS(INDIRECT(O37))-1,COLUMN(INDIRECT(O37)),1,1) -> Appoggio!$A$11:$A$13 | X37: Sono supportate dalla presenza di un Data Protection Officer?
D38: ✔ | F38: ✔ | M38: 2 | N38: =IF(F38<>"",M38,0) -> 2 | O38: Range_1 | P38: {=IF(F38<>"",SUMPRODUCT(MAX((INDIRECT(ADDRESS(1,COLUMN(K$1),2) &":"& ADDRESS(ROW(),COLUMN(K$1),4))<>"")*(ROW(INDIRECT(ADDRESS(1,COLUMN(K$1),2) &":"& ADDRESS(ROW(),COLUMN(K$1),4)))))),239)} -> 36 | Q38: =IF(Y38<>"",VLOOKUP(Y38,INDIRECT(O38),2,0),"") | R38: =IF(Q38<>"",IF(F38<>"",Q38*M38,0),"") | S38: =IF(R38<>"",IF(R38<>0,R38*INDIRECT(ADDRESS(P38,COLUMN(K$1),4,)),0),"") | T38: =IF(R38<>"",R38/SUMIFS(M$3:M$253,P$3:P$253,P38),"") | U38: =IF(R38<>"",SUMIFS(T$3:T$253,P$3:P$253,P38),"") | V38: =IFERROR(INDEX(K:K,P38),0) -> 1 | W38: =ADDRESS(ROW(INDIRECT(O38)),COLUMN(INDIRECT(O38)),1,1,"Appoggio")&":"&ADDRESS(ROW(INDIRECT(O38))+ROWS(INDIRECT(O38))-1,COLUMN(INDIRECT(O38)),1,1) -> Appoggio!$A$11:$A$13 | X38: Sono assegnate ai Dirigenti delle aree in cui sono trattati dati personali?
D39: ✔ | F39: ✔ | M39: 3 | N39: =IF(F39<>"",M39,0) -> 3 | O39: Range_1 | P39: {=IF(F39<>"",SUMPRODUCT(MAX((INDIRECT(ADDRESS(1,COLUMN(K$1),2) &":"& ADDRESS(ROW(),COLUMN(K$1),4))<>"")*(ROW(INDIRECT(ADDRESS(1,COLUMN(K$1),2) &":"& ADDRESS(ROW(),COLUMN(K$1),4)))))),239)} -> 36 | Q39: =IF(Y39<>"",VLOOKUP(Y39,INDIRECT(O39),2,0),"") | R39: =IF(Q39<>"",IF(F39<>"",Q39*M39,0),"") | S39: =IF(R39<>"",IF(R39<>0,R39*INDIRECT(ADDRESS(P39,COLUMN(K$1),4,)),0),"") | T39: =IF(R39<>"",R39/SUMIFS(M$3:M$253,P$3:P$253,P39),"") | U39: =IF(R39<>"",SUMIFS(T$3:T$253,P$3:P$253,P39),"") | V39: =IFERROR(INDEX(K:K,P39),0) -> 1 | W39: =ADDRESS(ROW(INDIRECT(O39)),COLUMN(INDIRECT(O39)),1,1,"Appoggio")&":"&ADDRESS(ROW(INDIRECT(O39))+ROWS(INDIRECT(O39))-1,COLUMN(INDIRECT(O39)),1,1) -> Appoggio!$A$11:$A$13 | X39: Sono assegnate alle terze parti che agiscono in qualità di Responsabili?
D40: ✔ | F40: ✔ | M40: 2 | N40: =IF(F40<>"",M40,0) -> 2 | O40: Range_1 | P40: {=IF(F40<>"",SUMPRODUCT(MAX((INDIRECT(ADDRESS(1,COLUMN(K$1),2) &":"& ADDRESS(ROW(),COLUMN(K$1),4))<>"")*(ROW(INDIRECT(ADDRESS(1,COLUMN(K$1),2) &":"& ADDRESS(ROW(),COLUMN(K$1),4)))))),239)} -> 36 | Q40: =IF(Y40<>"",VLOOKUP(Y40,INDIRECT(O40),2,0),"") | R40: =IF(Q40<>"",IF(F40<>"",Q40*M40,0),"") | S40: =IF(R40<>"",IF(R40<>0,R40*INDIRECT(ADDRESS(P40,COLUMN(K$1),4,)),0),"") | T40: =IF(R40<>"",R40/SUMIFS(M$3:M$253,P$3:P$253,P40),"") | U40: =IF(R40<>"",SUMIFS(T$3:T$253,P$3:P$253,P40),"") | V40: =IFERROR(INDEX(K:K,P40),0) -> 1 | W40: =ADDRESS(ROW(INDIRECT(O40)),COLUMN(INDIRECT(O40)),1,1,"Appoggio")&":"&ADDRESS(ROW(INDIRECT(O40))+ROWS(INDIRECT(O40))-1,COLUMN(INDIRECT(O40)),1,1) -> Appoggio!$A$11:$A$13 | X40: Sono documentate e mantenute aggiornate?
B41: GSI.07 | C41: Azioni di formazione e consapevolezza | D41: ✔ | E41: ✔ | F41: ✔ | G41: =IF(L41>0,"✔","") -> ✔ | H41: 7.3 A.6.3 | I41: PR.AT-1 | J41: PR.AT-01 | K41: 2 | L41: =IF(COUNTA(F41:F45)<>0,K41,0) -> 2 | M41: 3 | N41: =IF(F41<>"",M41,0) -> 3 | O41: Range_1 | P41: {=IF(F41<>"",SUMPRODUCT(MAX((INDIRECT(ADDRESS(1,COLUMN(K$1),2) &":"& ADDRESS(ROW(),COLUMN(K$1),4))<>"")*(ROW(INDIRECT(ADDRESS(1,COLUMN(K$1),2) &":"& ADDRESS(ROW(),COLUMN(K$1),4)))))),239)} -> 41 | Q41: =IF(Y41<>"",VLOOKUP(Y41,INDIRECT(O41),2,0),"") | R41: =IF(Q41<>"",IF(F41<>"",Q41*M41,0),"") | S41: =IF(R41<>"",IF(R41<>0,R41*INDIRECT(ADDRESS(P41,COLUMN(K$1),4,)),0),"") | T41: =IF(R41<>"",R41/SUMIFS(M$3:M$253,P$3:P$253,P41),"") | U41: =IF(R41<>"",SUMIFS(T$3:T$253,P$3:P$253,P41),"") | V41: =IFERROR(INDEX(K:K,P41),0) -> 2 | W41: =ADDRESS(ROW(INDIRECT(O41)),COLUMN(INDIRECT(O41)),1,1,"Appoggio")&":"&ADDRESS(ROW(INDIRECT(O41))+ROWS(INDIRECT(O41))-1,COLUMN(INDIRECT(O41)),1,1) -> Appoggio!$A$11:$A$13 | X41: Sono stati effettuati interventi formativi o campagne di consapevolezza orientati ad aumentare la preparazione del personale sul tema della sicurezza delle informazioni al top management?
D42: ✔ | E42: ✔ | F42: ✔ | M42: 2 | N42: =IF(F42<>"",M42,0) -> 2 | O42: Range_1 | P42: {=IF(F42<>"",SUMPRODUCT(MAX((INDIRECT(ADDRESS(1,COLUMN(K$1),2) &":"& ADDRESS(ROW(),COLUMN(K$1),4))<>"")*(ROW(INDIRECT(ADDRESS(1,COLUMN(K$1),2) &":"& ADDRESS(ROW(),COLUMN(K$1),4)))))),239)} -> 41 | Q42: =IF(Y42<>"",VLOOKUP(Y42,INDIRECT(O42),2,0),"") | R42: =IF(Q42<>"",IF(F42<>"",Q42*M42,0),"") | S42: =IF(R42<>"",IF(R42<>0,R42*INDIRECT(ADDRESS(P42,COLUMN(K$1),4,)),0),"") | T42: =IF(R42<>"",R42/SUMIFS(M$3:M$253,P$3:P$253,P42),"") | U42: =IF(R42<>"",SUMIFS(T$3:T$253,P$3:P$253,P42),"") | V42: =IFERROR(INDEX(K:K,P42),0) -> 2 | W42: =ADDRESS(ROW(INDIRECT(O42)),COLUMN(INDIRECT(O42)),1,1,"Appoggio")&":"&ADDRESS(ROW(INDIRECT(O42))+ROWS(INDIRECT(O42))-1,COLUMN(INDIRECT(O42)),1,1) -> Appoggio!$A$11:$A$13 | X42: Vengono effettuati con cadenza almeno annuale interventi formativi o campagne di consapevolezza orientati ad aumentare la preparazione del personale sul tema della sicurezza delle informazioni a tutto il personale che le tratta?
D43: ✔ | E43: ✔ | F43: ✔ | I43: PR.AT-2 | J43: PR.AT-02 | M43: 3 | N43: =IF(F43<>"",M43,0) -> 3 | O43: Range_1 | P43: {=IF(F43<>"",SUMPRODUCT(MAX((INDIRECT(ADDRESS(1,COLUMN(K$1),2) &":"& ADDRESS(ROW(),COLUMN(K$1),4))<>"")*(ROW(INDIRECT(ADDRESS(1,COLUMN(K$1),2) &":"& ADDRESS(ROW(),COLUMN(K$1),4)))))),239)} -> 41 | Q43: =IF(Y43<>"",VLOOKUP(Y43,INDIRECT(O43),2,0),"") | R43: =IF(Q43<>"",IF(F43<>"",Q43*M43,0),"") | S43: =IF(R43<>"",IF(R43<>0,R43*INDIRECT(ADDRESS(P43,COLUMN(K$1),4,)),0),"") | T43: =IF(R43<>"",R43/SUMIFS(M$3:M$253,P$3:P$253,P43),"") | U43: =IF(R43<>"",SUMIFS(T$3:T$253,P$3:P$253,P43),"") | V43: =IFERROR(INDEX(K:K,P43),0) -> 2 | W43: =ADDRESS(ROW(INDIRECT(O43)),COLUMN(INDIRECT(O43)),1,1,"Appoggio")&":"&ADDRESS(ROW(INDIRECT(O43))+ROWS(INDIRECT(O43))-1,COLUMN(INDIRECT(O43)),1,1) -> Appoggio!$A$11:$A$13 | X43: Vengono effettuati con cadenza almeno annuale interventi formativi e di aggiornamento orientati ad aumentare la preparazione del personale sul tema della sicurezza delle informazioni a tutto il personale addetto all'ICT (es. programmatori e amministratori di sistema)?
D44: ✔ | E44: ✔ | F44: ✔ | I44: PR.AT-3 | J44: PR.AT-01 | M44: 1 | N44: =IF(F44<>"",M44,0) -> 1 | O44: Range_1 | P44: {=IF(F44<>"",SUMPRODUCT(MAX((INDIRECT(ADDRESS(1,COLUMN(K$1),2) &":"& ADDRESS(ROW(),COLUMN(K$1),4))<>"")*(ROW(INDIRECT(ADDRESS(1,COLUMN(K$1),2) &":"& ADDRESS(ROW(),COLUMN(K$1),4)))))),239)} -> 41 | Q44: =IF(Y44<>"",VLOOKUP(Y44,INDIRECT(O44),2,0),"") | R44: =IF(Q44<>"",IF(F44<>"",Q44*M44,0),"") | S44: =IF(R44<>"",IF(R44<>0,R44*INDIRECT(ADDRESS(P44,COLUMN(K$1),4,)),0),"") | T44: =IF(R44<>"",R44/SUMIFS(M$3:M$253,P$3:P$253,P44),"") | U44: =IF(R44<>"",SUMIFS(T$3:T$253,P$3:P$253,P44),"") | V44: =IFERROR(INDEX(K:K,P44),0) -> 2 | W44: =ADDRESS(ROW(INDIRECT(O44)),COLUMN(INDIRECT(O44)),1,1,"Appoggio")&":"&ADDRESS(ROW(INDIRECT(O44))+ROWS(INDIRECT(O44))-1,COLUMN(INDIRECT(O44)),1,1) -> Appoggio!$A$11:$A$13 | X44: Le terze parti rilevanti sono coinvolte negli interventi formativi o nelle campagne di consapevolezza?
D45: ✔ | E45: ✔ | F45: ✔ | J45: PR.AT-02 | M45: 2 | N45: =IF(F45<>"",M45,0) -> 2 | O45: Range_1 | P45: {=IF(F45<>"",SUMPRODUCT(MAX((INDIRECT(ADDRESS(1,COLUMN(K$1),2) &":"& ADDRESS(ROW(),COLUMN(K$1),4))<>"")*(ROW(INDIRECT(ADDRESS(1,COLUMN(K$1),2) &":"& ADDRESS(ROW(),COLUMN(K$1),4)))))),239)} -> 41 | Q45: =IF(Y45<>"",VLOOKUP(Y45,INDIRECT(O45),2,0),"") | R45: =IF(Q45<>"",IF(F45<>"",Q45*M45,0),"") | S45: =IF(R45<>"",IF(R45<>0,R45*INDIRECT(ADDRESS(P45,COLUMN(K$1),4,)),0),"") | T45: =IF(R45<>"",R45/SUMIFS(M$3:M$253,P$3:P$253,P45),"") | U45: =IF(R45<>"",SUMIFS(T$3:T$253,P$3:P$253,P45),"") | V45: =IFERROR(INDEX(K:K,P45),0) -> 2 | W45: =ADDRESS(ROW(INDIRECT(O45)),COLUMN(INDIRECT(O45)),1,1,"Appoggio")&":"&ADDRESS(ROW(INDIRECT(O45))+ROWS(INDIRECT(O45))-1,COLUMN(INDIRECT(O45)),1,1) -> Appoggio!$A$11:$A$13 | X45: Vengono effettuati interventi formativi orientati ad aumentare la preparazione del personale sul tema della sicurezza delle informazioni al momento dell’assunzione?
B46: GSI.08 | C46: Inventari dei beni aziendali utilizzati per il trattamento delle informazioni | D46: ✔ | F46: ✔ | G46: =IF(L46>0,"✔","") -> ✔ | H46: A.5.9 | I46: ID.AM-1 | J46: ID.AM-01 | K46: 2 | L46: =IF(COUNTA(F46:F52)<>0,K46,0) -> 2 | M46: 1 | N46: =IF(F46<>"",M46,0) -> 1 | O46: Range_1 | P46: {=IF(F46<>"",SUMPRODUCT(MAX((INDIRECT(ADDRESS(1,COLUMN(K$1),2) &":"& ADDRESS(ROW(),COLUMN(K$1),4))<>"")*(ROW(INDIRECT(ADDRESS(1,COLUMN(K$1),2) &":"& ADDRESS(ROW(),COLUMN(K$1),4)))))),239)} -> 46 | Q46: =IF(Y46<>"",VLOOKUP(Y46,INDIRECT(O46),2,0),"") | R46: =IF(Q46<>"",IF(F46<>"",Q46*M46,0),"") | S46: =IF(R46<>"",IF(R46<>0,R46*INDIRECT(ADDRESS(P46,COLUMN(K$1),4,)),0),"") | T46: =IF(R46<>"",R46/SUMIFS(M$3:M$253,P$3:P$253,P46),"") | U46: =IF(R46<>"",SUMIFS(T$3:T$253,P$3:P$253,P46),"") | V46: =IFERROR(INDEX(K:K,P46),0) -> 2 | W46: =ADDRESS(ROW(INDIRECT(O46)),COLUMN(INDIRECT(O46)),1,1,"Appoggio")&":"&ADDRESS(ROW(INDIRECT(O46))+ROWS(INDIRECT(O46))-1,COLUMN(INDIRECT(O46)),1,1) -> Appoggio!$A$11:$A$13 | X46: Includono tutte le componenti hardware utilizzate?
D47: ✔ | F47: ✔ | I47: ID.AM-2 | J47: ID.AM-02 | M47: 3 | N47: =IF(F47<>"",M47,0) -> 3 | O47: Range_1 | P47: {=IF(F47<>"",SUMPRODUCT(MAX((INDIRECT(ADDRESS(1,COLUMN(K$1),2) &":"& ADDRESS(ROW(),COLUMN(K$1),4))<>"")*(ROW(INDIRECT(ADDRESS(1,COLUMN(K$1),2) &":"& ADDRESS(ROW(),COLUMN(K$1),4)))))),239)} -> 46 | Q47: =IF(Y47<>"",VLOOKUP(Y47,INDIRECT(O47),2,0),"") | R47: =IF(Q47<>"",IF(F47<>"",Q47*M47,0),"") | S47: =IF(R47<>"",IF(R47<>0,R47*INDIRECT(ADDRESS(P47,COLUMN(K$1),4,)),0),"") | T47: =IF(R47<>"",R47/SUMIFS(M$3:M$253,P$3:P$253,P47),"") | U47: =IF(R47<>"",SUMIFS(T$3:T$253,P$3:P$253,P47),"") | V47: =IFERROR(INDEX(K:K,P47),0) -> 2 | W47: =ADDRESS(ROW(INDIRECT(O47)),COLUMN(INDIRECT(O47)),1,1,"Appoggio")&":"&ADDRESS(ROW(INDIRECT(O47))+ROWS(INDIRECT(O47))-1,COLUMN(INDIRECT(O47)),1,1) -> Appoggio!$A$11:$A$13 | X47: Includono tutto il software utilizzato?
D48: ✔ | F48: ✔ | I48: ID.AM-4 | J48: ID.AM-04 | M48: 3 | N48: =IF(F48<>"",M48,0) -> 3 | O48: Range_1 | P48: {=IF(F48<>"",SUMPRODUCT(MAX((INDIRECT(ADDRESS(1,COLUMN(K$1),2) &":"& ADDRESS(ROW(),COLUMN(K$1),4))<>"")*(ROW(INDIRECT(ADDRESS(1,COLUMN(K$1),2) &":"& ADDRESS(ROW(),COLUMN(K$1),4)))))),239)} -> 46 | Q48: =IF(Y48<>"",VLOOKUP(Y48,INDIRECT(O48),2,0),"") | R48: =IF(Q48<>"",IF(F48<>"",Q48*M48,0),"") | S48: =IF(R48<>"",IF(R48<>0,R48*INDIRECT(ADDRESS(P48,COLUMN(K$1),4,)),0),"") | T48: =IF(R48<>"",R48/SUMIFS(M$3:M$253,P$3:P$253,P48),"") | U48: =IF(R48<>"",SUMIFS(T$3:T$253,P$3:P$253,P48),"") | V48: =IFERROR(INDEX(K:K,P48),0) -> 2 | W48: =ADDRESS(ROW(INDIRECT(O48)),COLUMN(INDIRECT(O48)),1,1,"Appoggio")&":"&ADDRESS(ROW(INDIRECT(O48))+ROWS(INDIRECT(O48))-1,COLUMN(INDIRECT(O48)),1,1) -> Appoggio!$A$11:$A$13 | X48: Includono i servizi fruiti e forniti?
D49: ✔ | F49: ✔ | I49: ID.AM-3 DP-ID.AM-8 | J49: ID.AM-03 ID.AM-07 DP-ID.AM-09 | M49: 3 | N49: =IF(F49<>"",M49,0) -> 3 | O49: Range_1 | P49: {=IF(F49<>"",SUMPRODUCT(MAX((INDIRECT(ADDRESS(1,COLUMN(K$1),2) &":"& ADDRESS(ROW(),COLUMN(K$1),4))<>"")*(ROW(INDIRECT(ADDRESS(1,COLUMN(K$1),2) &":"& ADDRESS(ROW(),COLUMN(K$1),4)))))),239)} -> 46 | Q49: =IF(Y49<>"",VLOOKUP(Y49,INDIRECT(O49),2,0),"") | R49: =IF(Q49<>"",IF(F49<>"",Q49*M49,0),"") | S49: =IF(R49<>"",IF(R49<>0,R49*INDIRECT(ADDRESS(P49,COLUMN(K$1),4,)),0),"") | T49: =IF(R49<>"",R49/SUMIFS(M$3:M$253,P$3:P$253,P49),"") | U49: =IF(R49<>"",SUMIFS(T$3:T$253,P$3:P$253,P49),"") | V49: =IFERROR(INDEX(K:K,P49),0) -> 2 | W49: =ADDRESS(ROW(INDIRECT(O49)),COLUMN(INDIRECT(O49)),1,1,"Appoggio")&":"&ADDRESS(ROW(INDIRECT(O49))+ROWS(INDIRECT(O49))-1,COLUMN(INDIRECT(O49)),1,1) -> Appoggio!$A$11:$A$13 | X49: Includono i dati trattati?
D50: ✔ | E50: ✔ | F50: ✔ | J50: GV.SC-04 | M50: 2 | N50: =IF(F50<>"",M50,0) -> 2 | O50: Range_1 | P50: {=IF(F50<>"",SUMPRODUCT(MAX((INDIRECT(ADDRESS(1,COLUMN(K$1),2) &":"& ADDRESS(ROW(),COLUMN(K$1),4))<>"")*(ROW(INDIRECT(ADDRESS(1,COLUMN(K$1),2) &":"& ADDRESS(ROW(),COLUMN(K$1),4)))))),239)} -> 46 | Q50: =IF(Y50<>"",VLOOKUP(Y50,INDIRECT(O50),2,0),"") | R50: =IF(Q50<>"",IF(F50<>"",Q50*M50,0),"") | S50: =IF(R50<>"",IF(R50<>0,R50*INDIRECT(ADDRESS(P50,COLUMN(K$1),4,)),0),"") | T50: =IF(R50<>"",R50/SUMIFS(M$3:M$253,P$3:P$253,P50),"") | U50: =IF(R50<>"",SUMIFS(T$3:T$253,P$3:P$253,P50),"") | V50: =IFERROR(INDEX(K:K,P50),0) -> 2 | W50: =ADDRESS(ROW(INDIRECT(O50)),COLUMN(INDIRECT(O50)),1,1,"Appoggio")&":"&ADDRESS(ROW(INDIRECT(O50))+ROWS(INDIRECT(O50))-1,COLUMN(INDIRECT(O50)),1,1) -> Appoggio!$A$11:$A$13 | X50: Includono i fornitori le cui forniture hanno un potenziale impatto sulla sicurezza delle informazioni?
D51: ✔ | F51: ✔ | M51: 2 | N51: =IF(F51<>"",M51,0) -> 2 | O51: Range_1 | P51: {=IF(F51<>"",SUMPRODUCT(MAX((INDIRECT(ADDRESS(1,COLUMN(K$1),2) &":"& ADDRESS(ROW(),COLUMN(K$1),4))<>"")*(ROW(INDIRECT(ADDRESS(1,COLUMN(K$1),2) &":"& ADDRESS(ROW(),COLUMN(K$1),4)))))),239)} -> 46 | Q51: =IF(Y51<>"",VLOOKUP(Y51,INDIRECT(O51),2,0),"") | R51: =IF(Q51<>"",IF(F51<>"",Q51*M51,0),"") | S51: =IF(R51<>"",IF(R51<>0,R51*INDIRECT(ADDRESS(P51,COLUMN(K$1),4,)),0),"") | T51: =IF(R51<>"",R51/SUMIFS(M$3:M$253,P$3:P$253,P51),"") | U51: =IF(R51<>"",SUMIFS(T$3:T$253,P$3:P$253,P51),"") | V51: =IFERROR(INDEX(K:K,P51),0) -> 2 | W51: =ADDRESS(ROW(INDIRECT(O51)),COLUMN(INDIRECT(O51)),1,1,"Appoggio")&":"&ADDRESS(ROW(INDIRECT(O51))+ROWS(INDIRECT(O51))-1,COLUMN(INDIRECT(O51)),1,1) -> Appoggio!$A$11:$A$13 | X51: Includono i responsabili di tali beni?
D52: ✔ | F52: ✔ | M52: 3 | N52: =IF(F52<>"",M52,0) -> 3 | O52: Range_1 | P52: {=IF(F52<>"",SUMPRODUCT(MAX((INDIRECT(ADDRESS(1,COLUMN(K$1),2) &":"& ADDRESS(ROW(),COLUMN(K$1),4))<>"")*(ROW(INDIRECT(ADDRESS(1,COLUMN(K$1),2) &":"& ADDRESS(ROW(),COLUMN(K$1),4)))))),239)} -> 46 | Q52: =IF(Y52<>"",VLOOKUP(Y52,INDIRECT(O52),2,0),"") | R52: =IF(Q52<>"",IF(F52<>"",Q52*M52,0),"") | S52: =IF(R52<>"",IF(R52<>0,R52*INDIRECT(ADDRESS(P52,COLUMN(K$1),4,)),0),"") | T52: =IF(R52<>"",R52/SUMIFS(M$3:M$253,P$3:P$253,P52),"") | U52: =IF(R52<>"",SUMIFS(T$3:T$253,P$3:P$253,P52),"") | V52: =IFERROR(INDEX(K:K,P52),0) -> 2 | W52: =ADDRESS(ROW(INDIRECT(O52)),COLUMN(INDIRECT(O52)),1,1,"Appoggio")&":"&ADDRESS(ROW(INDIRECT(O52))+ROWS(INDIRECT(O52))-1,COLUMN(INDIRECT(O52)),1,1) -> Appoggio!$A$11:$A$13 | X52: Sono aggiornati rispetto ad ogni modifica e verificati almeno annualmente?
B53: GSI.09 | C53: Contratti stipulati con le terze parti | D53: ✔ | E53: ✔ | F53: ✔ | G53: =IF(L53>0,"✔","") -> ✔ | H53: A.5.20 | I53: ID.SC-3 | J53: GV.SC-05 | K53: 2 | L53: =IF(COUNTA(F53:F59)<>0,K53,0) -> 2 | M53: 3 | N53: =IF(F53<>"",M53,0) -> 3 | O53: Range_1 | P53: {=IF(F53<>"",SUMPRODUCT(MAX((INDIRECT(ADDRESS(1,COLUMN(K$1),2) &":"& ADDRESS(ROW(),COLUMN(K$1),4))<>"")*(ROW(INDIRECT(ADDRESS(1,COLUMN(K$1),2) &":"& ADDRESS(ROW(),COLUMN(K$1),4)))))),239)} -> 53 | Q53: =IF(Y53<>"",VLOOKUP(Y53,INDIRECT(O53),2,0),"") | R53: =IF(Q53<>"",IF(F53<>"",Q53*M53,0),"") | S53: =IF(R53<>"",IF(R53<>0,R53*INDIRECT(ADDRESS(P53,COLUMN(K$1),4,)),0),"") | T53: =IF(R53<>"",R53/SUMIFS(M$3:M$253,P$3:P$253,P53),"") | U53: =IF(R53<>"",SUMIFS(T$3:T$253,P$3:P$253,P53),"") | V53: =IFERROR(INDEX(K:K,P53),0) -> 2 | W53: =ADDRESS(ROW(INDIRECT(O53)),COLUMN(INDIRECT(O53)),1,1,"Appoggio")&":"&ADDRESS(ROW(INDIRECT(O53))+ROWS(INDIRECT(O53))-1,COLUMN(INDIRECT(O53)),1,1) -> Appoggio!$A$11:$A$13 | X53: Sono contemplate clausole di sicurezza standard che vengono adattate a ogni contratto sviluppate tenendo in considerazione i requisiti dei propri Clienti?
D54: ✔ | E54: ✔ | F54: ✔ | M54: 2 | N54: =IF(F54<>"",M54,0) -> 2 | O54: Range_1 | P54: {=IF(F54<>"",SUMPRODUCT(MAX((INDIRECT(ADDRESS(1,COLUMN(K$1),2) &":"& ADDRESS(ROW(),COLUMN(K$1),4))<>"")*(ROW(INDIRECT(ADDRESS(1,COLUMN(K$1),2) &":"& ADDRESS(ROW(),COLUMN(K$1),4)))))),239)} -> 53 | Q54: =IF(Y54<>"",VLOOKUP(Y54,INDIRECT(O54),2,0),"") | R54: =IF(Q54<>"",IF(F54<>"",Q54*M54,0),"") | S54: =IF(R54<>"",IF(R54<>0,R54*INDIRECT(ADDRESS(P54,COLUMN(K$1),4,)),0),"") | T54: =IF(R54<>"",R54/SUMIFS(M$3:M$253,P$3:P$253,P54),"") | U54: =IF(R54<>"",SUMIFS(T$3:T$253,P$3:P$253,P54),"") | V54: =IFERROR(INDEX(K:K,P54),0) -> 2 | W54: =ADDRESS(ROW(INDIRECT(O54)),COLUMN(INDIRECT(O54)),1,1,"Appoggio")&":"&ADDRESS(ROW(INDIRECT(O54))+ROWS(INDIRECT(O54))-1,COLUMN(INDIRECT(O54)),1,1) -> Appoggio!$A$11:$A$13 | X54: Sono contemplate clausole che richiedono la propagazione dei vincoli di sicurezza lungo tutta la filiera di fornitura?
D55: ✔ | E55: ✔ | F55: ✔ | M55: 2 | N55: =IF(F55<>"",M55,0) -> 2 | O55: Range_1 | P55: {=IF(F55<>"",SUMPRODUCT(MAX((INDIRECT(ADDRESS(1,COLUMN(K$1),2) &":"& ADDRESS(ROW(),COLUMN(K$1),4))<>"")*(ROW(INDIRECT(ADDRESS(1,COLUMN(K$1),2) &":"& ADDRESS(ROW(),COLUMN(K$1),4)))))),239)} -> 53 | Q55: =IF(Y55<>"",VLOOKUP(Y55,INDIRECT(O55),2,0),"") | R55: =IF(Q55<>"",IF(F55<>"",Q55*M55,0),"") | S55: =IF(R55<>"",IF(R55<>0,R55*INDIRECT(ADDRESS(P55,COLUMN(K$1),4,)),0),"") | T55: =IF(R55<>"",R55/SUMIFS(M$3:M$253,P$3:P$253,P55),"") | U55: =IF(R55<>"",SUMIFS(T$3:T$253,P$3:P$253,P55),"") | V55: =IFERROR(INDEX(K:K,P55),0) -> 2 | W55: =ADDRESS(ROW(INDIRECT(O55)),COLUMN(INDIRECT(O55)),1,1,"Appoggio")&":"&ADDRESS(ROW(INDIRECT(O55))+ROWS(INDIRECT(O55))-1,COLUMN(INDIRECT(O55)),1,1) -> Appoggio!$A$11:$A$13 | X55: Sono contemplate clausole sulla non divulgazione delle informazioni?
D56: ✔ | E56: ✔ | F56: ✔ | M56: 2 | N56: =IF(F56<>"",M56,0) -> 2 | O56: Range_1 | P56: {=IF(F56<>"",SUMPRODUCT(MAX((INDIRECT(ADDRESS(1,COLUMN(K$1),2) &":"& ADDRESS(ROW(),COLUMN(K$1),4))<>"")*(ROW(INDIRECT(ADDRESS(1,COLUMN(K$1),2) &":"& ADDRESS(ROW(),COLUMN(K$1),4)))))),239)} -> 53 | Q56: =IF(Y56<>"",VLOOKUP(Y56,INDIRECT(O56),2,0),"") | R56: =IF(Q56<>"",IF(F56<>"",Q56*M56,0),"") | S56: =IF(R56<>"",IF(R56<>0,R56*INDIRECT(ADDRESS(P56,COLUMN(K$1),4,)),0),"") | T56: =IF(R56<>"",R56/SUMIFS(M$3:M$253,P$3:P$253,P56),"") | U56: =IF(R56<>"",SUMIFS(T$3:T$253,P$3:P$253,P56),"") | V56: =IFERROR(INDEX(K:K,P56),0) -> 2 | W56: =ADDRESS(ROW(INDIRECT(O56)),COLUMN(INDIRECT(O56)),1,1,"Appoggio")&":"&ADDRESS(ROW(INDIRECT(O56))+ROWS(INDIRECT(O56))-1,COLUMN(INDIRECT(O56)),1,1) -> Appoggio!$A$11:$A$13 | X56: Sono contemplate clausole sulle misure di sicurezza da osservare?
D57: ✔ | E57: ✔ | F57: ✔ | M57: 2 | N57: =IF(F57<>"",M57,0) -> 2 | O57: Range_1 | P57: {=IF(F57<>"",SUMPRODUCT(MAX((INDIRECT(ADDRESS(1,COLUMN(K$1),2) &":"& ADDRESS(ROW(),COLUMN(K$1),4))<>"")*(ROW(INDIRECT(ADDRESS(1,COLUMN(K$1),2) &":"& ADDRESS(ROW(),COLUMN(K$1),4)))))),239)} -> 53 | Q57: =IF(Y57<>"",VLOOKUP(Y57,INDIRECT(O57),2,0),"") | R57: =IF(Q57<>"",IF(F57<>"",Q57*M57,0),"") | S57: =IF(R57<>"",IF(R57<>0,R57*INDIRECT(ADDRESS(P57,COLUMN(K$1),4,)),0),"") | T57: =IF(R57<>"",R57/SUMIFS(M$3:M$253,P$3:P$253,P57),"") | U57: =IF(R57<>"",SUMIFS(T$3:T$253,P$3:P$253,P57),"") | V57: =IFERROR(INDEX(K:K,P57),0) -> 2 | W57: =ADDRESS(ROW(INDIRECT(O57)),COLUMN(INDIRECT(O57)),1,1,"Appoggio")&":"&ADDRESS(ROW(INDIRECT(O57))+ROWS(INDIRECT(O57))-1,COLUMN(INDIRECT(O57)),1,1) -> Appoggio!$A$11:$A$13 | X57: Sono contemplate clausole sulla gestione della continuità operativa?
E58: ✔ | F58: ✔ | M58: 1 | N58: =IF(F58<>"",M58,0) -> 1 | O58: Range_1 | P58: {=IF(F58<>"",SUMPRODUCT(MAX((INDIRECT(ADDRESS(1,COLUMN(K$1),2) &":"& ADDRESS(ROW(),COLUMN(K$1),4))<>"")*(ROW(INDIRECT(ADDRESS(1,COLUMN(K$1),2) &":"& ADDRESS(ROW(),COLUMN(K$1),4)))))),239)} -> 53 | Q58: =IF(Y58<>"",VLOOKUP(Y58,INDIRECT(O58),2,0),"") | R58: =IF(Q58<>"",IF(F58<>"",Q58*M58,0),"") | S58: =IF(R58<>"",IF(R58<>0,R58*INDIRECT(ADDRESS(P58,COLUMN(K$1),4,)),0),"") | T58: =IF(R58<>"",R58/SUMIFS(M$3:M$253,P$3:P$253,P58),"") | U58: =IF(R58<>"",SUMIFS(T$3:T$253,P$3:P$253,P58),"") | V58: =IFERROR(INDEX(K:K,P58),0) -> 2 | W58: =ADDRESS(ROW(INDIRECT(O58)),COLUMN(INDIRECT(O58)),1,1,"Appoggio")&":"&ADDRESS(ROW(INDIRECT(O58))+ROWS(INDIRECT(O58))-1,COLUMN(INDIRECT(O58)),1,1) -> Appoggio!$A$11:$A$13 | X58: Includono accordi per la condivisione del codice sorgente fornito da terzi?
D59: ✔ | E59: ✔ | F59: ✔ | I59: ID.SC-2 ID.SC-4 | J59: GV.SC-07 | M59: 3 | N59: =IF(F59<>"",M59,0) -> 3 | O59: Range_1 | P59: {=IF(F59<>"",SUMPRODUCT(MAX((INDIRECT(ADDRESS(1,COLUMN(K$1),2) &":"& ADDRESS(ROW(),COLUMN(K$1),4))<>"")*(ROW(INDIRECT(ADDRESS(1,COLUMN(K$1),2) &":"& ADDRESS(ROW(),COLUMN(K$1),4)))))),239)} -> 53 | Q59: =IF(Y59<>"",VLOOKUP(Y59,INDIRECT(O59),2,0),"") | R59: =IF(Q59<>"",IF(F59<>"",Q59*M59,0),"") | S59: =IF(R59<>"",IF(R59<>0,R59*INDIRECT(ADDRESS(P59,COLUMN(K$1),4,)),0),"") | T59: =IF(R59<>"",R59/SUMIFS(M$3:M$253,P$3:P$253,P59),"") | U59: =IF(R59<>"",SUMIFS(T$3:T$253,P$3:P$253,P59),"") | V59: =IFERROR(INDEX(K:K,P59),0) -> 2 | W59: =ADDRESS(ROW(INDIRECT(O59)),COLUMN(INDIRECT(O59)),1,1,"Appoggio")&":"&ADDRESS(ROW(INDIRECT(O59))+ROWS(INDIRECT(O59))-1,COLUMN(INDIRECT(O59)),1,1) -> Appoggio!$A$11:$A$13 | X59: E’ periodicamente verificato il rispetto delle clausole sopra riportate incluse nei contratti?
B60: GSI.10 | C60: Il rischio relativo alla cybersecurity / sicurezza delle informazioni | D60: ✔ | E60: ✔ | F60: ✔ | G60: =IF(L60>0,"✔","") -> ✔ | H60: 6.1.2 | I60: ID.GV-4 | J60: GV.RM-03 | K60: 2 | L60: =IF(COUNTA(F60:F65)<>0,K60,0) -> 2 | M60: 3 | N60: =IF(F60<>"",M60,0) -> 3 | O60: Range_1 | P60: {=IF(F60<>"",SUMPRODUCT(MAX((INDIRECT(ADDRESS(1,COLUMN(K$1),2) &":"& ADDRESS(ROW(),COLUMN(K$1),4))<>"")*(ROW(INDIRECT(ADDRESS(1,COLUMN(K$1),2) &":"& ADDRESS(ROW(),COLUMN(K$1),4)))))),239)} -> 60 | Q60: =IF(Y60<>"",VLOOKUP(Y60,INDIRECT(O60),2,0),"") | R60: =IF(Q60<>"",IF(F60<>"",Q60*M60,0),"") | S60: =IF(R60<>"",IF(R60<>0,R60*INDIRECT(ADDRESS(P60,COLUMN(K$1),4,)),0),"") | T60: =IF(R60<>"",R60/SUMIFS(M$3:M$253,P$3:P$253,P60),"") | U60: =IF(R60<>"",SUMIFS(T$3:T$253,P$3:P$253,P60),"") | V60: =IFERROR(INDEX(K:K,P60),0) -> 2 | W60: =ADDRESS(ROW(INDIRECT(O60)),COLUMN(INDIRECT(O60)),1,1,"Appoggio")&":"&ADDRESS(ROW(INDIRECT(O60))+ROWS(INDIRECT(O60))-1,COLUMN(INDIRECT(O60)),1,1) -> Appoggio!$A$11:$A$13 | X60: Viene valutato periodicamente, con cadenza almeno annuale?
D61: ✔ | E61: ✔ | F61: ✔ | M61: 3 | N61: =IF(F61<>"",M61,0) -> 3 | O61: Range_1 | P61: {=IF(F61<>"",SUMPRODUCT(MAX((INDIRECT(ADDRESS(1,COLUMN(K$1),2) &":"& ADDRESS(ROW(),COLUMN(K$1),4))<>"")*(ROW(INDIRECT(ADDRESS(1,COLUMN(K$1),2) &":"& ADDRESS(ROW(),COLUMN(K$1),4)))))),239)} -> 60 | Q61: =IF(Y61<>"",VLOOKUP(Y61,INDIRECT(O61),2,0),"") | R61: =IF(Q61<>"",IF(F61<>"",Q61*M61,0),"") | S61: =IF(R61<>"",IF(R61<>0,R61*INDIRECT(ADDRESS(P61,COLUMN(K$1),4,)),0),"") | T61: =IF(R61<>"",R61/SUMIFS(M$3:M$253,P$3:P$253,P61),"") | U61: =IF(R61<>"",SUMIFS(T$3:T$253,P$3:P$253,P61),"") | V61: =IFERROR(INDEX(K:K,P61),0) -> 2 | W61: =ADDRESS(ROW(INDIRECT(O61)),COLUMN(INDIRECT(O61)),1,1,"Appoggio")&":"&ADDRESS(ROW(INDIRECT(O61))+ROWS(INDIRECT(O61))-1,COLUMN(INDIRECT(O61)),1,1) -> Appoggio!$A$11:$A$13 | X61: Viene aggiornato in caso di cambiamenti significativi?
D62: ✔ | E62: ✔ | F62: ✔ | M62: 1 | N62: =IF(F62<>"",M62,0) -> 1 | O62: Range_1 | P62: {=IF(F62<>"",SUMPRODUCT(MAX((INDIRECT(ADDRESS(1,COLUMN(K$1),2) &":"& ADDRESS(ROW(),COLUMN(K$1),4))<>"")*(ROW(INDIRECT(ADDRESS(1,COLUMN(K$1),2) &":"& ADDRESS(ROW(),COLUMN(K$1),4)))))),239)} -> 60 | Q62: =IF(Y62<>"",VLOOKUP(Y62,INDIRECT(O62),2,0),"") | R62: =IF(Q62<>"",IF(F62<>"",Q62*M62,0),"") | S62: =IF(R62<>"",IF(R62<>0,R62*INDIRECT(ADDRESS(P62,COLUMN(K$1),4,)),0),"") | T62: =IF(R62<>"",R62/SUMIFS(M$3:M$253,P$3:P$253,P62),"") | U62: =IF(R62<>"",SUMIFS(T$3:T$253,P$3:P$253,P62),"") | V62: =IFERROR(INDEX(K:K,P62),0) -> 2 | W62: =ADDRESS(ROW(INDIRECT(O62)),COLUMN(INDIRECT(O62)),1,1,"Appoggio")&":"&ADDRESS(ROW(INDIRECT(O62))+ROWS(INDIRECT(O62))-1,COLUMN(INDIRECT(O62)),1,1) -> Appoggio!$A$11:$A$13 | X62: Viene valutato con l’ausilio di strumenti software dedicati che vanno oltre i fogli di calcolo?
D63: ✔ | E63: ✔ | F63: ✔ | I63: ID.SC-2 | J63: GV.SC-07 | M63: 2 | N63: =IF(F63<>"",M63,0) -> 2 | O63: Range_1 | P63: {=IF(F63<>"",SUMPRODUCT(MAX((INDIRECT(ADDRESS(1,COLUMN(K$1),2) &":"& ADDRESS(ROW(),COLUMN(K$1),4))<>"")*(ROW(INDIRECT(ADDRESS(1,COLUMN(K$1),2) &":"& ADDRESS(ROW(),COLUMN(K$1),4)))))),239)} -> 60 | Q63: =IF(Y63<>"",VLOOKUP(Y63,INDIRECT(O63),2,0),"") | R63: =IF(Q63<>"",IF(F63<>"",Q63*M63,0),"") | S63: =IF(R63<>"",IF(R63<>0,R63*INDIRECT(ADDRESS(P63,COLUMN(K$1),4,)),0),"") | T63: =IF(R63<>"",R63/SUMIFS(M$3:M$253,P$3:P$253,P63),"") | U63: =IF(R63<>"",SUMIFS(T$3:T$253,P$3:P$253,P63),"") | V63: =IFERROR(INDEX(K:K,P63),0) -> 2 | W63: =ADDRESS(ROW(INDIRECT(O63)),COLUMN(INDIRECT(O63)),1,1,"Appoggio")&":"&ADDRESS(ROW(INDIRECT(O63))+ROWS(INDIRECT(O63))-1,COLUMN(INDIRECT(O63)),1,1) -> Appoggio!$A$11:$A$13 | X63: Include il rischio associato alle forniture?
D64: ✔ | E64: ✔ | F64: ✔ | I64: ID.RA-1 ID.RA-3 ID.RA-4 ID.RA-5 | J64: ID.RA-01 ID.RA-03 ID.RA-04 ID.RA-05 | M64: 3 | N64: =IF(F64<>"",M64,0) -> 3 | O64: Range_1 | P64: {=IF(F64<>"",SUMPRODUCT(MAX((INDIRECT(ADDRESS(1,COLUMN(K$1),2) &":"& ADDRESS(ROW(),COLUMN(K$1),4))<>"")*(ROW(INDIRECT(ADDRESS(1,COLUMN(K$1),2) &":"& ADDRESS(ROW(),COLUMN(K$1),4)))))),239)} -> 60 | Q64: =IF(Y64<>"",VLOOKUP(Y64,INDIRECT(O64),2,0),"") | R64: =IF(Q64<>"",IF(F64<>"",Q64*M64,0),"") | S64: =IF(R64<>"",IF(R64<>0,R64*INDIRECT(ADDRESS(P64,COLUMN(K$1),4,)),0),"") | T64: =IF(R64<>"",R64/SUMIFS(M$3:M$253,P$3:P$253,P64),"") | U64: =IF(R64<>"",SUMIFS(T$3:T$253,P$3:P$253,P64),"") | V64: =IFERROR(INDEX(K:K,P64),0) -> 2 | W64: =ADDRESS(ROW(INDIRECT(O64)),COLUMN(INDIRECT(O64)),1,1,"Appoggio")&":"&ADDRESS(ROW(INDIRECT(O64))+ROWS(INDIRECT(O64))-1,COLUMN(INDIRECT(O64)),1,1) -> Appoggio!$A$11:$A$13 | X64: Viene valutato identificando e documentando minacce/scenari, vulnerabilità e impatti?
D65: ✔ | E65: ✔ | F65: ✔ | I65: ID.RM-1 ID.RM-2 | J65: GV.RM-01 GV.RM-02 GV.RM-04 GV.RM-06 GV.RR-03 | M65: 3 | N65: =IF(F65<>"",M65,0) -> 3 | O65: Range_1 | P65: {=IF(F65<>"",SUMPRODUCT(MAX((INDIRECT(ADDRESS(1,COLUMN(K$1),2) &":"& ADDRESS(ROW(),COLUMN(K$1),4))<>"")*(ROW(INDIRECT(ADDRESS(1,COLUMN(K$1),2) &":"& ADDRESS(ROW(),COLUMN(K$1),4)))))),239)} -> 60 | Q65: =IF(Y65<>"",VLOOKUP(Y65,INDIRECT(O65),2,0),"") | R65: =IF(Q65<>"",IF(F65<>"",Q65*M65,0),"") | S65: =IF(R65<>"",IF(R65<>0,R65*INDIRECT(ADDRESS(P65,COLUMN(K$1),4,)),0),"") | T65: =IF(R65<>"",R65/SUMIFS(M$3:M$253,P$3:P$253,P65),"") | U65: =IF(R65<>"",SUMIFS(T$3:T$253,P$3:P$253,P65),"") | V65: =IFERROR(INDEX(K:K,P65),0) -> 2 | W65: =ADDRESS(ROW(INDIRECT(O65)),COLUMN(INDIRECT(O65)),1,1,"Appoggio")&":"&ADDRESS(ROW(INDIRECT(O65))+ROWS(INDIRECT(O65))-1,COLUMN(INDIRECT(O65)),1,1) -> Appoggio!$A$11:$A$13 | X65: Viene valutato tramite un processo formale e documentato che prevede l'individuazione di un rischio accettabile?
B66: GSI.11 | C66: Verifica del livello di conformità della gestione della cybersecurity / sicurezza delle informazioni / sicurezza informatica | D66: ✔ | F66: ✔ | G66: =IF(L66>0,"✔","") -> ✔ | H66: 9.2 A.5.35 | I66: PR.IP-7 | J66: ID.IM-03 | K66: 1 | L66: =IF(COUNTA(F66:F69)<>0,K66,0) -> 1 | M66: 2 | N66: =IF(F66<>"",M66,0) -> 2 | O66: Range_1 | P66: {=IF(F66<>"",SUMPRODUCT(MAX((INDIRECT(ADDRESS(1,COLUMN(K$1),2) &":"& ADDRESS(ROW(),COLUMN(K$1),4))<>"")*(ROW(INDIRECT(ADDRESS(1,COLUMN(K$1),2) &":"& ADDRESS(ROW(),COLUMN(K$1),4)))))),239)} -> 66 | Q66: =IF(Y66<>"",VLOOKUP(Y66,INDIRECT(O66),2,0),"") | R66: =IF(Q66<>"",IF(F66<>"",Q66*M66,0),"") | S66: =IF(R66<>"",IF(R66<>0,R66*INDIRECT(ADDRESS(P66,COLUMN(K$1),4,)),0),"") | T66: =IF(R66<>"",R66/SUMIFS(M$3:M$253,P$3:P$253,P66),"") | U66: =IF(R66<>"",SUMIFS(T$3:T$253,P$3:P$253,P66),"") | V66: =IFERROR(INDEX(K:K,P66),0) -> 1 | W66: =ADDRESS(ROW(INDIRECT(O66)),COLUMN(INDIRECT(O66)),1,1,"Appoggio")&":"&ADDRESS(ROW(INDIRECT(O66))+ROWS(INDIRECT(O66))-1,COLUMN(INDIRECT(O66)),1,1) -> Appoggio!$A$11:$A$13 | X66: Viene svolta sulla base di un programma formalizzato?
D67: ✔ | F67: ✔ | I67: PR.IP-8 | M67: 3 | N67: =IF(F67<>"",M67,0) -> 3 | O67: Range_1 | P67: {=IF(F67<>"",SUMPRODUCT(MAX((INDIRECT(ADDRESS(1,COLUMN(K$1),2) &":"& ADDRESS(ROW(),COLUMN(K$1),4))<>"")*(ROW(INDIRECT(ADDRESS(1,COLUMN(K$1),2) &":"& ADDRESS(ROW(),COLUMN(K$1),4)))))),239)} -> 66 | Q67: =IF(Y67<>"",VLOOKUP(Y67,INDIRECT(O67),2,0),"") | R67: =IF(Q67<>"",IF(F67<>"",Q67*M67,0),"") | S67: =IF(R67<>"",IF(R67<>0,R67*INDIRECT(ADDRESS(P67,COLUMN(K$1),4,)),0),"") | T67: =IF(R67<>"",R67/SUMIFS(M$3:M$253,P$3:P$253,P67),"") | U67: =IF(R67<>"",SUMIFS(T$3:T$253,P$3:P$253,P67),"") | V67: =IFERROR(INDEX(K:K,P67),0) -> 1 | W67: =ADDRESS(ROW(INDIRECT(O67)),COLUMN(INDIRECT(O67)),1,1,"Appoggio")&":"&ADDRESS(ROW(INDIRECT(O67))+ROWS(INDIRECT(O67))-1,COLUMN(INDIRECT(O67)),1,1) -> Appoggio!$A$11:$A$13 | X67: Viene svolta da un soggetto indipendente, interno o esterno?
D68: ✔ | F68: ✔ | M68: 2 | N68: =IF(F68<>"",M68,0) -> 2 | O68: Range_1 | P68: {=IF(F68<>"",SUMPRODUCT(MAX((INDIRECT(ADDRESS(1,COLUMN(K$1),2) &":"& ADDRESS(ROW(),COLUMN(K$1),4))<>"")*(ROW(INDIRECT(ADDRESS(1,COLUMN(K$1),2) &":"& ADDRESS(ROW(),COLUMN(K$1),4)))))),239)} -> 66 | Q68: =IF(Y68<>"",VLOOKUP(Y68,INDIRECT(O68),2,0),"") | R68: =IF(Q68<>"",IF(F68<>"",Q68*M68,0),"") | S68: =IF(R68<>"",IF(R68<>0,R68*INDIRECT(ADDRESS(P68,COLUMN(K$1),4,)),0),"") | T68: =IF(R68<>"",R68/SUMIFS(M$3:M$253,P$3:P$253,P68),"") | U68: =IF(R68<>"",SUMIFS(T$3:T$253,P$3:P$253,P68),"") | V68: =IFERROR(INDEX(K:K,P68),0) -> 1 | W68: =ADDRESS(ROW(INDIRECT(O68)),COLUMN(INDIRECT(O68)),1,1,"Appoggio")&":"&ADDRESS(ROW(INDIRECT(O68))+ROWS(INDIRECT(O68))-1,COLUMN(INDIRECT(O68)),1,1) -> Appoggio!$A$11:$A$13 | X68: Viene svolta da personale con qualifiche professionali formalizzate?
D69: ✔ | F69: ✔ | M69: 3 | N69: =IF(F69<>"",M69,0) -> 3 | O69: Range_1 | P69: {=IF(F69<>"",SUMPRODUCT(MAX((INDIRECT(ADDRESS(1,COLUMN(K$1),2) &":"& ADDRESS(ROW(),COLUMN(K$1),4))<>"")*(ROW(INDIRECT(ADDRESS(1,COLUMN(K$1),2) &":"& ADDRESS(ROW(),COLUMN(K$1),4)))))),239)} -> 66 | Q69: =IF(Y69<>"",VLOOKUP(Y69,INDIRECT(O69),2,0),"") | R69: =IF(Q69<>"",IF(F69<>"",Q69*M69,0),"") | S69: =IF(R69<>"",IF(R69<>0,R69*INDIRECT(ADDRESS(P69,COLUMN(K$1),4,)),0),"") | T69: =IF(R69<>"",R69/SUMIFS(M$3:M$253,P$3:P$253,P69),"") | U69: =IF(R69<>"",SUMIFS(T$3:T$253,P$3:P$253,P69),"") | V69: =IFERROR(INDEX(K:K,P69),0) -> 1 | W69: =ADDRESS(ROW(INDIRECT(O69)),COLUMN(INDIRECT(O69)),1,1,"Appoggio")&":"&ADDRESS(ROW(INDIRECT(O69))+ROWS(INDIRECT(O69))-1,COLUMN(INDIRECT(O69)),1,1) -> Appoggio!$A$11:$A$13 | X69: Viene svolta con periodicità almeno annuale?
B70: GSI.12 | C70: Processo per lo sviluppo sicuro del software | E70: ✔ | F70: ✔ | G70: =IF(L70>0,"✔","") -> ✔ | H70: A.8.25 | K70: 1 | L70: =IF(COUNTA(F70:F76)<>0,K70,0) -> 1 | M70: 3 | N70: =IF(F70<>"",M70,0) -> 3 | O70: Range_1 | P70: {=IF(F70<>"",SUMPRODUCT(MAX((INDIRECT(ADDRESS(1,COLUMN(K$1),2) &":"& ADDRESS(ROW(),COLUMN(K$1),4))<>"")*(ROW(INDIRECT(ADDRESS(1,COLUMN(K$1),2) &":"& ADDRESS(ROW(),COLUMN(K$1),4)))))),239)} -> 70 | Q70: =IF(Y70<>"",VLOOKUP(Y70,INDIRECT(O70),2,0),"") | R70: =IF(Q70<>"",IF(F70<>"",Q70*M70,0),"") | S70: =IF(R70<>"",IF(R70<>0,R70*INDIRECT(ADDRESS(P70,COLUMN(K$1),4,)),0),"") | T70: =IF(R70<>"",R70/SUMIFS(M$3:M$253,P$3:P$253,P70),"") | U70: =IF(R70<>"",SUMIFS(T$3:T$253,P$3:P$253,P70),"") | V70: =IFERROR(INDEX(K:K,P70),0) -> 1 | W70: =ADDRESS(ROW(INDIRECT(O70)),COLUMN(INDIRECT(O70)),1,1,"Appoggio")&":"&ADDRESS(ROW(INDIRECT(O70))+ROWS(INDIRECT(O70))-1,COLUMN(INDIRECT(O70)),1,1) -> Appoggio!$A$11:$A$13 | X70: Sono analizzati e formalizzati i requisiti di sicurezza prima dell'inizio delle attività di sviluppo?
E71: ✔ | F71: ✔ | I71: PR.IP-2 | J71: ID.AM-08 | M71: 2 | N71: =IF(F71<>"",M71,0) -> 2 | O71: Range_1 | P71: {=IF(F71<>"",SUMPRODUCT(MAX((INDIRECT(ADDRESS(1,COLUMN(K$1),2) &":"& ADDRESS(ROW(),COLUMN(K$1),4))<>"")*(ROW(INDIRECT(ADDRESS(1,COLUMN(K$1),2) &":"& ADDRESS(ROW(),COLUMN(K$1),4)))))),239)} -> 70 | Q71: =IF(Y71<>"",VLOOKUP(Y71,INDIRECT(O71),2,0),"") | R71: =IF(Q71<>"",IF(F71<>"",Q71*M71,0),"") | S71: =IF(R71<>"",IF(R71<>0,R71*INDIRECT(ADDRESS(P71,COLUMN(K$1),4,)),0),"") | T71: =IF(R71<>"",R71/SUMIFS(M$3:M$253,P$3:P$253,P71),"") | U71: =IF(R71<>"",SUMIFS(T$3:T$253,P$3:P$253,P71),"") | V71: =IFERROR(INDEX(K:K,P71),0) -> 1 | W71: =ADDRESS(ROW(INDIRECT(O71)),COLUMN(INDIRECT(O71)),1,1,"Appoggio")&":"&ADDRESS(ROW(INDIRECT(O71))+ROWS(INDIRECT(O71))-1,COLUMN(INDIRECT(O71)),1,1) -> Appoggio!$A$11:$A$13 | X71: Sono effettuati test di sicurezza con continuità durante tutta la catena di sviluppo e test?
E72: ✔ | F72: ✔ | M72: 3 | N72: =IF(F72<>"",M72,0) -> 3 | O72: Range_1 | P72: {=IF(F72<>"",SUMPRODUCT(MAX((INDIRECT(ADDRESS(1,COLUMN(K$1),2) &":"& ADDRESS(ROW(),COLUMN(K$1),4))<>"")*(ROW(INDIRECT(ADDRESS(1,COLUMN(K$1),2) &":"& ADDRESS(ROW(),COLUMN(K$1),4)))))),239)} -> 70 | Q72: =IF(Y72<>"",VLOOKUP(Y72,INDIRECT(O72),2,0),"") | R72: =IF(Q72<>"",IF(F72<>"",Q72*M72,0),"") | S72: =IF(R72<>"",IF(R72<>0,R72*INDIRECT(ADDRESS(P72,COLUMN(K$1),4,)),0),"") | T72: =IF(R72<>"",R72/SUMIFS(M$3:M$253,P$3:P$253,P72),"") | U72: =IF(R72<>"",SUMIFS(T$3:T$253,P$3:P$253,P72),"") | V72: =IFERROR(INDEX(K:K,P72),0) -> 1 | W72: =ADDRESS(ROW(INDIRECT(O72)),COLUMN(INDIRECT(O72)),1,1,"Appoggio")&":"&ADDRESS(ROW(INDIRECT(O72))+ROWS(INDIRECT(O72))-1,COLUMN(INDIRECT(O72)),1,1) -> Appoggio!$A$11:$A$13 | X72: Sono effettuati test di sicurezza formali prima dei principali passaggi in produzione?
E73: ✔ | F73: ✔ | M73: 2 | N73: =IF(F73<>"",M73,0) -> 2 | O73: Range_1 | P73: {=IF(F73<>"",SUMPRODUCT(MAX((INDIRECT(ADDRESS(1,COLUMN(K$1),2) &":"& ADDRESS(ROW(),COLUMN(K$1),4))<>"")*(ROW(INDIRECT(ADDRESS(1,COLUMN(K$1),2) &":"& ADDRESS(ROW(),COLUMN(K$1),4)))))),239)} -> 70 | Q73: =IF(Y73<>"",VLOOKUP(Y73,INDIRECT(O73),2,0),"") | R73: =IF(Q73<>"",IF(F73<>"",Q73*M73,0),"") | S73: =IF(R73<>"",IF(R73<>0,R73*INDIRECT(ADDRESS(P73,COLUMN(K$1),4,)),0),"") | T73: =IF(R73<>"",R73/SUMIFS(M$3:M$253,P$3:P$253,P73),"") | U73: =IF(R73<>"",SUMIFS(T$3:T$253,P$3:P$253,P73),"") | V73: =IFERROR(INDEX(K:K,P73),0) -> 1 | W73: =ADDRESS(ROW(INDIRECT(O73)),COLUMN(INDIRECT(O73)),1,1,"Appoggio")&":"&ADDRESS(ROW(INDIRECT(O73))+ROWS(INDIRECT(O73))-1,COLUMN(INDIRECT(O73)),1,1) -> Appoggio!$A$11:$A$13 | X73: Gli sviluppatori sono formati sullo sviluppo sicuro?
D74: ✔ | E74: ✔ | F74: ✔ | I74: PR.DS-6 | M74: 2 | N74: =IF(F74<>"",M74,0) -> 2 | O74: Range_1 | P74: {=IF(F74<>"",SUMPRODUCT(MAX((INDIRECT(ADDRESS(1,COLUMN(K$1),2) &":"& ADDRESS(ROW(),COLUMN(K$1),4))<>"")*(ROW(INDIRECT(ADDRESS(1,COLUMN(K$1),2) &":"& ADDRESS(ROW(),COLUMN(K$1),4)))))),239)} -> 70 | Q74: =IF(Y74<>"",VLOOKUP(Y74,INDIRECT(O74),2,0),"") | R74: =IF(Q74<>"",IF(F74<>"",Q74*M74,0),"") | S74: =IF(R74<>"",IF(R74<>0,R74*INDIRECT(ADDRESS(P74,COLUMN(K$1),4,)),0),"") | T74: =IF(R74<>"",R74/SUMIFS(M$3:M$253,P$3:P$253,P74),"") | U74: =IF(R74<>"",SUMIFS(T$3:T$253,P$3:P$253,P74),"") | V74: =IFERROR(INDEX(K:K,P74),0) -> 1 | W74: =ADDRESS(ROW(INDIRECT(O74)),COLUMN(INDIRECT(O74)),1,1,"Appoggio")&":"&ADDRESS(ROW(INDIRECT(O74))+ROWS(INDIRECT(O74))-1,COLUMN(INDIRECT(O74)),1,1) -> Appoggio!$A$11:$A$13 | X74: Sono adottate procedure e strumenti tecnici per garantire l'autenticità e l'integrità del software o firmware installato ed eseguito?
E75: ✔ | F75: ✔ | I75: PR.DS-7 | J75: PR.IR-01 | M75: 3 | N75: =IF(F75<>"",M75,0) -> 3 | O75: Range_1 | P75: {=IF(F75<>"",SUMPRODUCT(MAX((INDIRECT(ADDRESS(1,COLUMN(K$1),2) &":"& ADDRESS(ROW(),COLUMN(K$1),4))<>"")*(ROW(INDIRECT(ADDRESS(1,COLUMN(K$1),2) &":"& ADDRESS(ROW(),COLUMN(K$1),4)))))),239)} -> 70 | Q75: =IF(Y75<>"",VLOOKUP(Y75,INDIRECT(O75),2,0),"") | R75: =IF(Q75<>"",IF(F75<>"",Q75*M75,0),"") | S75: =IF(R75<>"",IF(R75<>0,R75*INDIRECT(ADDRESS(P75,COLUMN(K$1),4,)),0),"") | T75: =IF(R75<>"",R75/SUMIFS(M$3:M$253,P$3:P$253,P75),"") | U75: =IF(R75<>"",SUMIFS(T$3:T$253,P$3:P$253,P75),"") | V75: =IFERROR(INDEX(K:K,P75),0) -> 1 | W75: =ADDRESS(ROW(INDIRECT(O75)),COLUMN(INDIRECT(O75)),1,1,"Appoggio")&":"&ADDRESS(ROW(INDIRECT(O75))+ROWS(INDIRECT(O75))-1,COLUMN(INDIRECT(O75)),1,1) -> Appoggio!$A$11:$A$13 | X75: Viene utilizzato un ambiente di sviluppo separato da quello di produzione?
E76: ✔ | F76: ✔ | M76: 2 | N76: =IF(F76<>"",M76,0) -> 2 | O76: Range_1 | P76: {=IF(F76<>"",SUMPRODUCT(MAX((INDIRECT(ADDRESS(1,COLUMN(K$1),2) &":"& ADDRESS(ROW(),COLUMN(K$1),4))<>"")*(ROW(INDIRECT(ADDRESS(1,COLUMN(K$1),2) &":"& ADDRESS(ROW(),COLUMN(K$1),4)))))),239)} -> 70 | Q76: =IF(Y76<>"",VLOOKUP(Y76,INDIRECT(O76),2,0),"") | R76: =IF(Q76<>"",IF(F76<>"",Q76*M76,0),"") | S76: =IF(R76<>"",IF(R76<>0,R76*INDIRECT(ADDRESS(P76,COLUMN(K$1),4,)),0),"") | T76: =IF(R76<>"",R76/SUMIFS(M$3:M$253,P$3:P$253,P76),"") | U76: =IF(R76<>"",SUMIFS(T$3:T$253,P$3:P$253,P76),"") | V76: =IFERROR(INDEX(K:K,P76),0) -> 1 | W76: =ADDRESS(ROW(INDIRECT(O76)),COLUMN(INDIRECT(O76)),1,1,"Appoggio")&":"&ADDRESS(ROW(INDIRECT(O76))+ROWS(INDIRECT(O76))-1,COLUMN(INDIRECT(O76)),1,1) -> Appoggio!$A$11:$A$13 | X76: Viene garantito l'utilizzo di dati non di produzione per lo sviluppo?
B77: GSI.13 | C77: Budget per la cybersecurity / sicurezza delle informazioni / sicurezza informatica | D77: ✔ | E77: ✔ | F77: ✔ | G77: =IF(L77>0,"✔","") -> ✔ | H77: 7.1 | K77: 1 | L77: =IF(COUNTA(F77:F77)<>0,K77,0) -> 1 | M77: 3 | N77: =IF(F77<>"",M77,0) -> 3 | O77: Range_1 | P77: {=IF(F77<>"",SUMPRODUCT(MAX((INDIRECT(ADDRESS(1,COLUMN(K$1),2) &":"& ADDRESS(ROW(),COLUMN(K$1),4))<>"")*(ROW(INDIRECT(ADDRESS(1,COLUMN(K$1),2) &":"& ADDRESS(ROW(),COLUMN(K$1),4)))))),239)} -> 77 | Q77: =IF(Y77<>"",VLOOKUP(Y77,INDIRECT(O77),2,0),"") | R77: =IF(Q77<>"",IF(F77<>"",Q77*M77,0),"") | S77: =IF(R77<>"",IF(R77<>0,R77*INDIRECT(ADDRESS(P77,COLUMN(K$1),4,)),0),"") | T77: =IF(R77<>"",R77/SUMIFS(M$3:M$253,P$3:P$253,P77),"") | U77: =IF(R77<>"",SUMIFS(T$3:T$253,P$3:P$253,P77),"") | V77: =IFERROR(INDEX(K:K,P77),0) -> 1 | W77: =ADDRESS(ROW(INDIRECT(O77)),COLUMN(INDIRECT(O77)),1,1,"Appoggio")&":"&ADDRESS(ROW(INDIRECT(O77))+ROWS(INDIRECT(O77))-1,COLUMN(INDIRECT(O77)),1,1) -> Appoggio!$A$11:$A$13 | X77: Viene definito e allocato annualmente in modo da indirizzare le problematiche a rischio più elevato?
B78: GSI.14 | C78: Servizi di Cloud Computing | D78: ✔ | E78: ✔ | F78: ✔ | G78: =IF(L78>0,"✔","") -> ✔ | H78: A.5.23 | K78: 1 | L78: =IF(COUNTA(F78:F80)<>0,K78,0) -> 1 | M78: 3 | N78: =IF(F78<>"",M78,0) -> 3 | O78: Range_1 | P78: {=IF(F78<>"",SUMPRODUCT(MAX((INDIRECT(ADDRESS(1,COLUMN(K$1),2) &":"& ADDRESS(ROW(),COLUMN(K$1),4))<>"")*(ROW(INDIRECT(ADDRESS(1,COLUMN(K$1),2) &":"& ADDRESS(ROW(),COLUMN(K$1),4)))))),239)} -> 78 | Q78: =IF(Y78<>"",VLOOKUP(Y78,INDIRECT(O78),2,0),"") | R78: =IF(Q78<>"",IF(F78<>"",Q78*M78,0),"") | S78: =IF(R78<>"",IF(R78<>0,R78*INDIRECT(ADDRESS(P78,COLUMN(K$1),4,)),0),"") | T78: =IF(R78<>"",R78/SUMIFS(M$3:M$253,P$3:P$253,P78),"") | U78: =IF(R78<>"",SUMIFS(T$3:T$253,P$3:P$253,P78),"") | V78: =IFERROR(INDEX(K:K,P78),0) -> 1 | W78: =ADDRESS(ROW(INDIRECT(O78)),COLUMN(INDIRECT(O78)),1,1,"Appoggio")&":"&ADDRESS(ROW(INDIRECT(O78))+ROWS(INDIRECT(O78))-1,COLUMN(INDIRECT(O78)),1,1) -> Appoggio!$A$11:$A$13 | X78: Hanno tutti i dati all'interno della UE?
D79: ✔ | E79: ✔ | F79: ✔ | M79: 2 | N79: =IF(F79<>"",M79,0) -> 2 | O79: Range_1 | P79: {=IF(F79<>"",SUMPRODUCT(MAX((INDIRECT(ADDRESS(1,COLUMN(K$1),2) &":"& ADDRESS(ROW(),COLUMN(K$1),4))<>"")*(ROW(INDIRECT(ADDRESS(1,COLUMN(K$1),2) &":"& ADDRESS(ROW(),COLUMN(K$1),4)))))),239)} -> 78 | Q79: =IF(Y79<>"",VLOOKUP(Y79,INDIRECT(O79),2,0),"") | R79: =IF(Q79<>"",IF(F79<>"",Q79*M79,0),"") | S79: =IF(R79<>"",IF(R79<>0,R79*INDIRECT(ADDRESS(P79,COLUMN(K$1),4,)),0),"") | T79: =IF(R79<>"",R79/SUMIFS(M$3:M$253,P$3:P$253,P79),"") | U79: =IF(R79<>"",SUMIFS(T$3:T$253,P$3:P$253,P79),"") | V79: =IFERROR(INDEX(K:K,P79),0) -> 1 | W79: =ADDRESS(ROW(INDIRECT(O79)),COLUMN(INDIRECT(O79)),1,1,"Appoggio")&":"&ADDRESS(ROW(INDIRECT(O79))+ROWS(INDIRECT(O79))-1,COLUMN(INDIRECT(O79)),1,1) -> Appoggio!$A$11:$A$13 | X79: Sono tutti certificati secondo ISO/IEC 27001, 27017, 27018 o equivalenti?
D80: ✔ | E80: ✔ | F80: ✔ | M80: 3 | N80: =IF(F80<>"",M80,0) -> 3 | O80: Range_1 | P80: {=IF(F80<>"",SUMPRODUCT(MAX((INDIRECT(ADDRESS(1,COLUMN(K$1),2) &":"& ADDRESS(ROW(),COLUMN(K$1),4))<>"")*(ROW(INDIRECT(ADDRESS(1,COLUMN(K$1),2) &":"& ADDRESS(ROW(),COLUMN(K$1),4)))))),239)} -> 78 | Q80: =IF(Y80<>"",VLOOKUP(Y80,INDIRECT(O80),2,0),"") | R80: =IF(Q80<>"",IF(F80<>"",Q80*M80,0),"") | S80: =IF(R80<>"",IF(R80<>0,R80*INDIRECT(ADDRESS(P80,COLUMN(K$1),4,)),0),"") | T80: =IF(R80<>"",R80/SUMIFS(M$3:M$253,P$3:P$253,P80),"") | U80: =IF(R80<>"",SUMIFS(T$3:T$253,P$3:P$253,P80),"") | V80: =IFERROR(INDEX(K:K,P80),0) -> 1 | W80: =ADDRESS(ROW(INDIRECT(O80)),COLUMN(INDIRECT(O80)),1,1,"Appoggio")&":"&ADDRESS(ROW(INDIRECT(O80))+ROWS(INDIRECT(O80))-1,COLUMN(INDIRECT(O80)),1,1) -> Appoggio!$A$11:$A$13 | X80: Hanno tutti le responsabilità per la sicurezza formalmente suddivise tra cliente e fornitore?
B81: GSI.15 | C81: Screening del personale | D81: ✔ | E81: ✔ | F81: ✔ | G81: =IF(L81>0,"✔","") -> ✔ | H81: A.6.1 | I81: PR.IP-11 | J81: GV.RR-04 | K81: 1 | L81: =IF(COUNTA(F81:F85)<>0,K81,0) -> 1 | M81: 3 | N81: =IF(F81<>"",M81,0) -> 3 | O81: Range_1 | P81: {=IF(F81<>"",SUMPRODUCT(MAX((INDIRECT(ADDRESS(1,COLUMN(K$1),2) &":"& ADDRESS(ROW(),COLUMN(K$1),4))<>"")*(ROW(INDIRECT(ADDRESS(1,COLUMN(K$1),2) &":"& ADDRESS(ROW(),COLUMN(K$1),4)))))),239)} -> 81 | Q81: =IF(Y81<>"",VLOOKUP(Y81,INDIRECT(O81),2,0),"") | R81: =IF(Q81<>"",IF(F81<>"",Q81*M81,0),"") | S81: =IF(R81<>"",IF(R81<>0,R81*INDIRECT(ADDRESS(P81,COLUMN(K$1),4,)),0),"") | T81: =IF(R81<>"",R81/SUMIFS(M$3:M$253,P$3:P$253,P81),"") | U81: =IF(R81<>"",SUMIFS(T$3:T$253,P$3:P$253,P81),"") | V81: =IFERROR(INDEX(K:K,P81),0) -> 1 | W81: =ADDRESS(ROW(INDIRECT(O81)),COLUMN(INDIRECT(O81)),1,1,"Appoggio")&":"&ADDRESS(ROW(INDIRECT(O81))+ROWS(INDIRECT(O81))-1,COLUMN(INDIRECT(O81)),1,1) -> Appoggio!$A$11:$A$13 | X81: Prima di assumere personale sono richieste informazioni relative alla formazione e relativi attestati?
D82: ✔ | E82: ✔ | F82: ✔ | M82: 3 | N82: =IF(F82<>"",M82,0) -> 3 | O82: Range_1 | P82: {=IF(F82<>"",SUMPRODUCT(MAX((INDIRECT(ADDRESS(1,COLUMN(K$1),2) &":"& ADDRESS(ROW(),COLUMN(K$1),4))<>"")*(ROW(INDIRECT(ADDRESS(1,COLUMN(K$1),2) &":"& ADDRESS(ROW(),COLUMN(K$1),4)))))),239)} -> 81 | Q82: =IF(Y82<>"",VLOOKUP(Y82,INDIRECT(O82),2,0),"") | R82: =IF(Q82<>"",IF(F82<>"",Q82*M82,0),"") | S82: =IF(R82<>"",IF(R82<>0,R82*INDIRECT(ADDRESS(P82,COLUMN(K$1),4,)),0),"") | T82: =IF(R82<>"",R82/SUMIFS(M$3:M$253,P$3:P$253,P82),"") | U82: =IF(R82<>"",SUMIFS(T$3:T$253,P$3:P$253,P82),"") | V82: =IFERROR(INDEX(K:K,P82),0) -> 1 | W82: =ADDRESS(ROW(INDIRECT(O82)),COLUMN(INDIRECT(O82)),1,1,"Appoggio")&":"&ADDRESS(ROW(INDIRECT(O82))+ROWS(INDIRECT(O82))-1,COLUMN(INDIRECT(O82)),1,1) -> Appoggio!$A$11:$A$13 | X82: Prima di assumere personale sono richieste informazioni verificabili relative agli impieghi precedenti?
D83: ✔ | E83: ✔ | F83: ✔ | M83: 3 | N83: =IF(F83<>"",M83,0) -> 3 | O83: Range_1 | P83: {=IF(F83<>"",SUMPRODUCT(MAX((INDIRECT(ADDRESS(1,COLUMN(K$1),2) &":"& ADDRESS(ROW(),COLUMN(K$1),4))<>"")*(ROW(INDIRECT(ADDRESS(1,COLUMN(K$1),2) &":"& ADDRESS(ROW(),COLUMN(K$1),4)))))),239)} -> 81 | Q83: =IF(Y83<>"",VLOOKUP(Y83,INDIRECT(O83),2,0),"") | R83: =IF(Q83<>"",IF(F83<>"",Q83*M83,0),"") | S83: =IF(R83<>"",IF(R83<>0,R83*INDIRECT(ADDRESS(P83,COLUMN(K$1),4,)),0),"") | T83: =IF(R83<>"",R83/SUMIFS(M$3:M$253,P$3:P$253,P83),"") | U83: =IF(R83<>"",SUMIFS(T$3:T$253,P$3:P$253,P83),"") | V83: =IFERROR(INDEX(K:K,P83),0) -> 1 | W83: =ADDRESS(ROW(INDIRECT(O83)),COLUMN(INDIRECT(O83)),1,1,"Appoggio")&":"&ADDRESS(ROW(INDIRECT(O83))+ROWS(INDIRECT(O83))-1,COLUMN(INDIRECT(O83)),1,1) -> Appoggio!$A$11:$A$13 | X83: Prima di assumere personale sono richieste informazioni su eventuali carichi pendenti?
D84: ✔ | E84: ✔ | F84: ✔ | M84: 1 | N84: =IF(F84<>"",M84,0) -> 1 | O84: Range_1 | P84: {=IF(F84<>"",SUMPRODUCT(MAX((INDIRECT(ADDRESS(1,COLUMN(K$1),2) &":"& ADDRESS(ROW(),COLUMN(K$1),4))<>"")*(ROW(INDIRECT(ADDRESS(1,COLUMN(K$1),2) &":"& ADDRESS(ROW(),COLUMN(K$1),4)))))),239)} -> 81 | Q84: =IF(Y84<>"",VLOOKUP(Y84,INDIRECT(O84),2,0),"") | R84: =IF(Q84<>"",IF(F84<>"",Q84*M84,0),"") | S84: =IF(R84<>"",IF(R84<>0,R84*INDIRECT(ADDRESS(P84,COLUMN(K$1),4,)),0),"") | T84: =IF(R84<>"",R84/SUMIFS(M$3:M$253,P$3:P$253,P84),"") | U84: =IF(R84<>"",SUMIFS(T$3:T$253,P$3:P$253,P84),"") | V84: =IFERROR(INDEX(K:K,P84),0) -> 1 | W84: =ADDRESS(ROW(INDIRECT(O84)),COLUMN(INDIRECT(O84)),1,1,"Appoggio")&":"&ADDRESS(ROW(INDIRECT(O84))+ROWS(INDIRECT(O84))-1,COLUMN(INDIRECT(O84)),1,1) -> Appoggio!$A$11:$A$13 | X84: Prima di assumere personale sono effettuate indagini nei termini del rispetto dei principi etici da parte del candidato?
D85: ✔ | E85: ✔ | F85: ✔ | M85: 2 | N85: =IF(F85<>"",M85,0) -> 2 | O85: Range_1 | P85: {=IF(F85<>"",SUMPRODUCT(MAX((INDIRECT(ADDRESS(1,COLUMN(K$1),2) &":"& ADDRESS(ROW(),COLUMN(K$1),4))<>"")*(ROW(INDIRECT(ADDRESS(1,COLUMN(K$1),2) &":"& ADDRESS(ROW(),COLUMN(K$1),4)))))),239)} -> 81 | Q85: =IF(Y85<>"",VLOOKUP(Y85,INDIRECT(O85),2,0),"") | R85: =IF(Q85<>"",IF(F85<>"",Q85*M85,0),"") | S85: =IF(R85<>"",IF(R85<>0,R85*INDIRECT(ADDRESS(P85,COLUMN(K$1),4,)),0),"") | T85: =IF(R85<>"",R85/SUMIFS(M$3:M$253,P$3:P$253,P85),"") | U85: =IF(R85<>"",SUMIFS(T$3:T$253,P$3:P$253,P85),"") | V85: =IFERROR(INDEX(K:K,P85),0) -> 1 | W85: =ADDRESS(ROW(INDIRECT(O85)),COLUMN(INDIRECT(O85)),1,1,"Appoggio")&":"&ADDRESS(ROW(INDIRECT(O85))+ROWS(INDIRECT(O85))-1,COLUMN(INDIRECT(O85)),1,1) -> Appoggio!$A$11:$A$13 | X85: Prima di assumere personale sono verificate, nel rispetto dei vincoli di legge, le informazioni richieste?
B86: GSI.16 | C86: Certificazioni relative alla sicurezza delle informazioni nell'ambito dell'oggetto della fornitura | D86: ✔ | E86: ✔ | F86: ✔ | G86: =IF(L86>0,"✔","") -> ✔ | H86: - | K86: 2 | L86: =IF(COUNTA(F86:F90)<>0,K86,0) -> 2 | M86: 2 | N86: =IF(F86<>"",M86,0) -> 2 | O86: Range_1 | P86: {=IF(F86<>"",SUMPRODUCT(MAX((INDIRECT(ADDRESS(1,COLUMN(K$1),2) &":"& ADDRESS(ROW(),COLUMN(K$1),4))<>"")*(ROW(INDIRECT(ADDRESS(1,COLUMN(K$1),2) &":"& ADDRESS(ROW(),COLUMN(K$1),4)))))),239)} -> 86 | Q86: =IF(Y86<>"",VLOOKUP(Y86,INDIRECT(O86),2,0),"") | R86: =IF(Q86<>"",IF(F86<>"",Q86*M86,0),"") | S86: =IF(R86<>"",IF(R86<>0,R86*INDIRECT(ADDRESS(P86,COLUMN(K$1),4,)),0),"") | T86: =IF(R86<>"",R86/SUMIFS(M$3:M$253,P$3:P$253,P86),"") | U86: =IF(R86<>"",SUMIFS(T$3:T$253,P$3:P$253,P86),"") | V86: =IFERROR(INDEX(K:K,P86),0) -> 2 | W86: =ADDRESS(ROW(INDIRECT(O86)),COLUMN(INDIRECT(O86)),1,1,"Appoggio")&":"&ADDRESS(ROW(INDIRECT(O86))+ROWS(INDIRECT(O86))-1,COLUMN(INDIRECT(O86)),1,1) -> Appoggio!$A$11:$A$13 | X86: Si possiede una certificazione ISO/IEC 27001?
D87: ✔ | E87: ✔ | F87: ✔ | M87: 2 | N87: =IF(F87<>"",M87,0) -> 2 | O87: Range_1 | P87: {=IF(F87<>"",SUMPRODUCT(MAX((INDIRECT(ADDRESS(1,COLUMN(K$1),2) &":"& ADDRESS(ROW(),COLUMN(K$1),4))<>"")*(ROW(INDIRECT(ADDRESS(1,COLUMN(K$1),2) &":"& ADDRESS(ROW(),COLUMN(K$1),4)))))),239)} -> 86 | Q87: =IF(Y87<>"",VLOOKUP(Y87,INDIRECT(O87),2,0),"") | R87: =IF(Q87<>"",IF(F87<>"",Q87*M87,0),"") | S87: =IF(R87<>"",IF(R87<>0,R87*INDIRECT(ADDRESS(P87,COLUMN(K$1),4,)),0),"") | T87: =IF(R87<>"",R87/SUMIFS(M$3:M$253,P$3:P$253,P87),"") | U87: =IF(R87<>"",SUMIFS(T$3:T$253,P$3:P$253,P87),"") | V87: =IFERROR(INDEX(K:K,P87),0) -> 2 | W87: =ADDRESS(ROW(INDIRECT(O87)),COLUMN(INDIRECT(O87)),1,1,"Appoggio")&":"&ADDRESS(ROW(INDIRECT(O87))+ROWS(INDIRECT(O87))-1,COLUMN(INDIRECT(O87)),1,1) -> Appoggio!$A$11:$A$13 | X87: Si possiede una certificazione ISO/IEC 27701?
D88: ✔ | E88: ✔ | F88: ✔ | M88: 2 | N88: 2 | O88: Range_1 | P88: {=IF(F88<>"",SUMPRODUCT(MAX((INDIRECT(ADDRESS(1,COLUMN(K$1),2) &":"& ADDRESS(ROW(),COLUMN(K$1),4))<>"")*(ROW(INDIRECT(ADDRESS(1,COLUMN(K$1),2) &":"& ADDRESS(ROW(),COLUMN(K$1),4)))))),239)} -> 86 | Q88: =IF(Y88<>"",VLOOKUP(Y88,INDIRECT(O88),2,0),"") | R88: =IF(Q88<>"",IF(F88<>"",Q88*M88,0),"") | S88: =IF(R88<>"",IF(R88<>0,R88*INDIRECT(ADDRESS(P88,COLUMN(K$1),4,)),0),"") | T88: =IF(R88<>"",R88/SUMIFS(M$3:M$253,P$3:P$253,P88),"") | U88: =IF(R88<>"",SUMIFS(T$3:T$253,P$3:P$253,P88),"") | V88: =IFERROR(INDEX(K:K,P88),0) -> 2 | W88: =ADDRESS(ROW(INDIRECT(O88)),COLUMN(INDIRECT(O88)),1,1,"Appoggio")&":"&ADDRESS(ROW(INDIRECT(O88))+ROWS(INDIRECT(O88))-1,COLUMN(INDIRECT(O88)),1,1) -> Appoggio!$A$11:$A$13 | X88: Si possiede una certificazione ISO 22301?
D89: ✔ | E89: ✔ | F89: ✔ | M89: 2 | N89: =IF(F89<>"",M89,0) -> 2 | O89: Range_1 | P89: {=IF(F89<>"",SUMPRODUCT(MAX((INDIRECT(ADDRESS(1,COLUMN(K$1),2) &":"& ADDRESS(ROW(),COLUMN(K$1),4))<>"")*(ROW(INDIRECT(ADDRESS(1,COLUMN(K$1),2) &":"& ADDRESS(ROW(),COLUMN(K$1),4)))))),239)} -> 86 | Q89: =IF(Y89<>"",VLOOKUP(Y89,INDIRECT(O89),2,0),"") | R89: =IF(Q89<>"",IF(F89<>"",Q89*M89,0),"") | S89: =IF(R89<>"",IF(R89<>0,R89*INDIRECT(ADDRESS(P89,COLUMN(K$1),4,)),0),"") | T89: =IF(R89<>"",R89/SUMIFS(M$3:M$253,P$3:P$253,P89),"") | U89: =IF(R89<>"",SUMIFS(T$3:T$253,P$3:P$253,P89),"") | V89: =IFERROR(INDEX(K:K,P89),0) -> 2 | W89: =ADDRESS(ROW(INDIRECT(O89)),COLUMN(INDIRECT(O89)),1,1,"Appoggio")&":"&ADDRESS(ROW(INDIRECT(O89))+ROWS(INDIRECT(O89))-1,COLUMN(INDIRECT(O89)),1,1) -> Appoggio!$A$11:$A$13 | X89: Si possiede una certificazione SOC2 o SOC3?
D90: ✔ | E90: ✔ | F90: ✔ | M90: 2 | N90: =IF(F90<>"",M90,0) -> 2 | O90: Range_1 | P90: {=IF(F90<>"",SUMPRODUCT(MAX((INDIRECT(ADDRESS(1,COLUMN(K$1),2) &":"& ADDRESS(ROW(),COLUMN(K$1),4))<>"")*(ROW(INDIRECT(ADDRESS(1,COLUMN(K$1),2) &":"& ADDRESS(ROW(),COLUMN(K$1),4)))))),239)} -> 86 | Q90: =IF(Y90<>"",VLOOKUP(Y90,INDIRECT(O90),2,0),"") | R90: =IF(Q90<>"",IF(F90<>"",Q90*M90,0),"") | S90: =IF(R90<>"",IF(R90<>0,R90*INDIRECT(ADDRESS(P90,COLUMN(K$1),4,)),0),"") | T90: =IF(R90<>"",R90/SUMIFS(M$3:M$253,P$3:P$253,P90),"") | U90: =IF(R90<>"",SUMIFS(T$3:T$253,P$3:P$253,P90),"") | V90: =IFERROR(INDEX(K:K,P90),0) -> 2 | W90: =ADDRESS(ROW(INDIRECT(O90)),COLUMN(INDIRECT(O90)),1,1,"Appoggio")&":"&ADDRESS(ROW(INDIRECT(O90))+ROWS(INDIRECT(O90))-1,COLUMN(INDIRECT(O90)),1,1) -> Appoggio!$A$11:$A$13 | X90: Si possiede un'altra certificazione? (specificare quale)
A91: SICUREZZA IT | B91: SIT.01 | C91: Dispositivi di protezione del traffico di rete | D91: ✔ | E91: ✔ | F91: ✔ | G91: =IF(L91>0,"✔","") -> ✔ | H91: A.8.20 | I91: PR.PT-4 | J91: PR.AA-06 PR.IR-01 | K91: 2 | L91: =IF(COUNTA(F91:F96)<>0,K91,0) -> 2 | M91: 2 | N91: =IF(F91<>"",M91,0) -> 2 | O91: Range_1 | P91: {=IF(F91<>"",SUMPRODUCT(MAX((INDIRECT(ADDRESS(1,COLUMN(K$1),2) &":"& ADDRESS(ROW(),COLUMN(K$1),4))<>"")*(ROW(INDIRECT(ADDRESS(1,COLUMN(K$1),2) &":"& ADDRESS(ROW(),COLUMN(K$1),4)))))),239)} -> 91 | Q91: =IF(Y91<>"",VLOOKUP(Y91,INDIRECT(O91),2,0),"") | R91: =IF(Q91<>"",IF(F91<>"",Q91*M91,0),"") | S91: =IF(R91<>"",IF(R91<>0,R91*INDIRECT(ADDRESS(P91,COLUMN(K$1),4,)),0),"") | T91: =IF(R91<>"",R91/SUMIFS(M$3:M$253,P$3:P$253,P91),"") | U91: =IF(R91<>"",SUMIFS(T$3:T$253,P$3:P$253,P91),"") | V91: =IFERROR(INDEX(K:K,P91),0) -> 2 | W91: =ADDRESS(ROW(INDIRECT(O91)),COLUMN(INDIRECT(O91)),1,1,"Appoggio")&":"&ADDRESS(ROW(INDIRECT(O91))+ROWS(INDIRECT(O91))-1,COLUMN(INDIRECT(O91)),1,1) -> Appoggio!$A$11:$A$13 | X91: Sono configurate delle DMZ che ospitano i sistemi accessibili dall’esterno?
D92: ✔ | E92: ✔ | F92: ✔ | M92: 2 | N92: =IF(F92<>"",M92,0) -> 2 | O92: Range_1 | P92: {=IF(F92<>"",SUMPRODUCT(MAX((INDIRECT(ADDRESS(1,COLUMN(K$1),2) &":"& ADDRESS(ROW(),COLUMN(K$1),4))<>"")*(ROW(INDIRECT(ADDRESS(1,COLUMN(K$1),2) &":"& ADDRESS(ROW(),COLUMN(K$1),4)))))),239)} -> 91 | Q92: =IF(Y92<>"",VLOOKUP(Y92,INDIRECT(O92),2,0),"") | R92: =IF(Q92<>"",IF(F92<>"",Q92*M92,0),"") | S92: =IF(R92<>"",IF(R92<>0,R92*INDIRECT(ADDRESS(P92,COLUMN(K$1),4,)),0),"") | T92: =IF(R92<>"",R92/SUMIFS(M$3:M$253,P$3:P$253,P92),"") | U92: =IF(R92<>"",SUMIFS(T$3:T$253,P$3:P$253,P92),"") | V92: =IFERROR(INDEX(K:K,P92),0) -> 2 | W92: =ADDRESS(ROW(INDIRECT(O92)),COLUMN(INDIRECT(O92)),1,1,"Appoggio")&":"&ADDRESS(ROW(INDIRECT(O92))+ROWS(INDIRECT(O92))-1,COLUMN(INDIRECT(O92)),1,1) -> Appoggio!$A$11:$A$13 | X92: Esistono delle VLAN con ACL configurate che segmentano la rete secondo le funzionalità necessarie?
D93: ✔ | E93: ✔ | F93: ✔ | I93: PR.AC-5 | M93: 2 | N93: =IF(F93<>"",M93,0) -> 2 | O93: Range_1 | P93: {=IF(F93<>"",SUMPRODUCT(MAX((INDIRECT(ADDRESS(1,COLUMN(K$1),2) &":"& ADDRESS(ROW(),COLUMN(K$1),4))<>"")*(ROW(INDIRECT(ADDRESS(1,COLUMN(K$1),2) &":"& ADDRESS(ROW(),COLUMN(K$1),4)))))),239)} -> 91 | Q93: =IF(Y93<>"",VLOOKUP(Y93,INDIRECT(O93),2,0),"") | R93: =IF(Q93<>"",IF(F93<>"",Q93*M93,0),"") | S93: =IF(R93<>"",IF(R93<>0,R93*INDIRECT(ADDRESS(P93,COLUMN(K$1),4,)),0),"") | T93: =IF(R93<>"",R93/SUMIFS(M$3:M$253,P$3:P$253,P93),"") | U93: =IF(R93<>"",SUMIFS(T$3:T$253,P$3:P$253,P93),"") | V93: =IFERROR(INDEX(K:K,P93),0) -> 2 | W93: =ADDRESS(ROW(INDIRECT(O93)),COLUMN(INDIRECT(O93)),1,1,"Appoggio")&":"&ADDRESS(ROW(INDIRECT(O93))+ROWS(INDIRECT(O93))-1,COLUMN(INDIRECT(O93)),1,1) -> Appoggio!$A$11:$A$13 | X93: Le diverse tipologie di sistemi (server di front-end, server di back-end, client etc.) sono segregate in segmenti di rete separati?
D94: ✔ | E94: ✔ | F94: ✔ | M94: 3 | N94: =IF(F94<>"",M94,0) -> 3 | O94: Range_1 | P94: {=IF(F94<>"",SUMPRODUCT(MAX((INDIRECT(ADDRESS(1,COLUMN(K$1),2) &":"& ADDRESS(ROW(),COLUMN(K$1),4))<>"")*(ROW(INDIRECT(ADDRESS(1,COLUMN(K$1),2) &":"& ADDRESS(ROW(),COLUMN(K$1),4)))))),239)} -> 91 | Q94: =IF(Y94<>"",VLOOKUP(Y94,INDIRECT(O94),2,0),"") | R94: =IF(Q94<>"",IF(F94<>"",Q94*M94,0),"") | S94: =IF(R94<>"",IF(R94<>0,R94*INDIRECT(ADDRESS(P94,COLUMN(K$1),4,)),0),"") | T94: =IF(R94<>"",R94/SUMIFS(M$3:M$253,P$3:P$253,P94),"") | U94: =IF(R94<>"",SUMIFS(T$3:T$253,P$3:P$253,P94),"") | V94: =IFERROR(INDEX(K:K,P94),0) -> 2 | W94: =ADDRESS(ROW(INDIRECT(O94)),COLUMN(INDIRECT(O94)),1,1,"Appoggio")&":"&ADDRESS(ROW(INDIRECT(O94))+ROWS(INDIRECT(O94))-1,COLUMN(INDIRECT(O94)),1,1) -> Appoggio!$A$11:$A$13 | X94: Sono utilizzati dei firewall o dispositivi equivalenti a protezione del perimetro esterno?
D95: ✔ | E95: ✔ | F95: ✔ | M95: 2 | N95: =IF(F95<>"",M95,0) -> 2 | O95: Range_1 | P95: {=IF(F95<>"",SUMPRODUCT(MAX((INDIRECT(ADDRESS(1,COLUMN(K$1),2) &":"& ADDRESS(ROW(),COLUMN(K$1),4))<>"")*(ROW(INDIRECT(ADDRESS(1,COLUMN(K$1),2) &":"& ADDRESS(ROW(),COLUMN(K$1),4)))))),239)} -> 91 | Q95: =IF(Y95<>"",VLOOKUP(Y95,INDIRECT(O95),2,0),"") | R95: =IF(Q95<>"",IF(F95<>"",Q95*M95,0),"") | S95: =IF(R95<>"",IF(R95<>0,R95*INDIRECT(ADDRESS(P95,COLUMN(K$1),4,)),0),"") | T95: =IF(R95<>"",R95/SUMIFS(M$3:M$253,P$3:P$253,P95),"") | U95: =IF(R95<>"",SUMIFS(T$3:T$253,P$3:P$253,P95),"") | V95: =IFERROR(INDEX(K:K,P95),0) -> 2 | W95: =ADDRESS(ROW(INDIRECT(O95)),COLUMN(INDIRECT(O95)),1,1,"Appoggio")&":"&ADDRESS(ROW(INDIRECT(O95))+ROWS(INDIRECT(O95))-1,COLUMN(INDIRECT(O95)),1,1) -> Appoggio!$A$11:$A$13 | X95: Sono utilizzati dei firewall o dispositivi equivalenti tra reti client e server?
D96: ✔ | E96: ✔ | F96: ✔ | M96: 3 | N96: =IF(F96<>"",M96,0) -> 3 | O96: Range_1 | P96: {=IF(F96<>"",SUMPRODUCT(MAX((INDIRECT(ADDRESS(1,COLUMN(K$1),2) &":"& ADDRESS(ROW(),COLUMN(K$1),4))<>"")*(ROW(INDIRECT(ADDRESS(1,COLUMN(K$1),2) &":"& ADDRESS(ROW(),COLUMN(K$1),4)))))),239)} -> 91 | Q96: =IF(Y96<>"",VLOOKUP(Y96,INDIRECT(O96),2,0),"") | R96: =IF(Q96<>"",IF(F96<>"",Q96*M96,0),"") | S96: =IF(R96<>"",IF(R96<>0,R96*INDIRECT(ADDRESS(P96,COLUMN(K$1),4,)),0),"") | T96: =IF(R96<>"",R96/SUMIFS(M$3:M$253,P$3:P$253,P96),"") | U96: =IF(R96<>"",SUMIFS(T$3:T$253,P$3:P$253,P96),"") | V96: =IFERROR(INDEX(K:K,P96),0) -> 2 | W96: =ADDRESS(ROW(INDIRECT(O96)),COLUMN(INDIRECT(O96)),1,1,"Appoggio")&":"&ADDRESS(ROW(INDIRECT(O96))+ROWS(INDIRECT(O96))-1,COLUMN(INDIRECT(O96)),1,1) -> Appoggio!$A$11:$A$13 | X96: Sono utilizzati dei firewall o dispositivi equivalenti a protezione delle comunicazioni con terze parti?
B97: SIT.02 | C97: Reti wireless | D97: ✔ | F97: ✔ | G97: =IF(L97>0,"✔","") -> ✔ | H97: A.8.22 | I97: PR.PT-4 | J97: PR.AA-06 PR.IR-01 | K97: 1 | L97: =IF(COUNTA(F97:F100)<>0,K97,0) -> 1 | M97: 3 | N97: =IF(F97<>"",M97,0) -> 3 | O97: Range_1 | P97: {=IF(F97<>"",SUMPRODUCT(MAX((INDIRECT(ADDRESS(1,COLUMN(K$1),2) &":"& ADDRESS(ROW(),COLUMN(K$1),4))<>"")*(ROW(INDIRECT(ADDRESS(1,COLUMN(K$1),2) &":"& ADDRESS(ROW(),COLUMN(K$1),4)))))),239)} -> 97 | Q97: =IF(Y97<>"",VLOOKUP(Y97,INDIRECT(O97),2,0),"") | R97: =IF(Q97<>"",IF(F97<>"",Q97*M97,0),"") | S97: =IF(R97<>"",IF(R97<>0,R97*INDIRECT(ADDRESS(P97,COLUMN(K$1),4,)),0),"") | T97: =IF(R97<>"",R97/SUMIFS(M$3:M$253,P$3:P$253,P97),"") | U97: =IF(R97<>"",SUMIFS(T$3:T$253,P$3:P$253,P97),"") | V97: =IFERROR(INDEX(K:K,P97),0) -> 1 | W97: =ADDRESS(ROW(INDIRECT(O97)),COLUMN(INDIRECT(O97)),1,1,"Appoggio")&":"&ADDRESS(ROW(INDIRECT(O97))+ROWS(INDIRECT(O97))-1,COLUMN(INDIRECT(O97)),1,1) -> Appoggio!$A$11:$A$13 | X97: Sono protette con meccanismi di crittografia WPA2 o superiore?
D98: ✔ | F98: ✔ | M98: 1 | N98: =IF(F98<>"",M98,0) -> 1 | O98: Range_1 | P98: {=IF(F98<>"",SUMPRODUCT(MAX((INDIRECT(ADDRESS(1,COLUMN(K$1),2) &":"& ADDRESS(ROW(),COLUMN(K$1),4))<>"")*(ROW(INDIRECT(ADDRESS(1,COLUMN(K$1),2) &":"& ADDRESS(ROW(),COLUMN(K$1),4)))))),239)} -> 97 | Q98: =IF(Y98<>"",VLOOKUP(Y98,INDIRECT(O98),2,0),"") | R98: =IF(Q98<>"",IF(F98<>"",Q98*M98,0),"") | S98: =IF(R98<>"",IF(R98<>0,R98*INDIRECT(ADDRESS(P98,COLUMN(K$1),4,)),0),"") | T98: =IF(R98<>"",R98/SUMIFS(M$3:M$253,P$3:P$253,P98),"") | U98: =IF(R98<>"",SUMIFS(T$3:T$253,P$3:P$253,P98),"") | V98: =IFERROR(INDEX(K:K,P98),0) -> 1 | W98: =ADDRESS(ROW(INDIRECT(O98)),COLUMN(INDIRECT(O98)),1,1,"Appoggio")&":"&ADDRESS(ROW(INDIRECT(O98))+ROWS(INDIRECT(O98))-1,COLUMN(INDIRECT(O98)),1,1) -> Appoggio!$A$11:$A$13 | X98: Sono presenti filtri degli indirizzi IP o MAC e il broadcast del SSID è disabilitato?
D99: ✔ | F99: ✔ | M99: 2 | N99: =IF(F99<>"",M99,0) -> 2 | O99: Range_1 | P99: {=IF(F99<>"",SUMPRODUCT(MAX((INDIRECT(ADDRESS(1,COLUMN(K$1),2) &":"& ADDRESS(ROW(),COLUMN(K$1),4))<>"")*(ROW(INDIRECT(ADDRESS(1,COLUMN(K$1),2) &":"& ADDRESS(ROW(),COLUMN(K$1),4)))))),239)} -> 97 | Q99: =IF(Y99<>"",VLOOKUP(Y99,INDIRECT(O99),2,0),"") | R99: =IF(Q99<>"",IF(F99<>"",Q99*M99,0),"") | S99: =IF(R99<>"",IF(R99<>0,R99*INDIRECT(ADDRESS(P99,COLUMN(K$1),4,)),0),"") | T99: =IF(R99<>"",R99/SUMIFS(M$3:M$253,P$3:P$253,P99),"") | U99: =IF(R99<>"",SUMIFS(T$3:T$253,P$3:P$253,P99),"") | V99: =IFERROR(INDEX(K:K,P99),0) -> 1 | W99: =ADDRESS(ROW(INDIRECT(O99)),COLUMN(INDIRECT(O99)),1,1,"Appoggio")&":"&ADDRESS(ROW(INDIRECT(O99))+ROWS(INDIRECT(O99))-1,COLUMN(INDIRECT(O99)),1,1) -> Appoggio!$A$11:$A$13 | X99: E' presente una rete guest dedicata alla navigazione su internet degli ospiti/consulenti?
D100: ✔ | F100: ✔ | M100: 1 | N100: =IF(F100<>"",M100,0) -> 1 | O100: Range_1 | P100: {=IF(F100<>"",SUMPRODUCT(MAX((INDIRECT(ADDRESS(1,COLUMN(K$1),2) &":"& ADDRESS(ROW(),COLUMN(K$1),4))<>"")*(ROW(INDIRECT(ADDRESS(1,COLUMN(K$1),2) &":"& ADDRESS(ROW(),COLUMN(K$1),4)))))),239)} -> 97 | Q100: =IF(Y100<>"",VLOOKUP(Y100,INDIRECT(O100),2,0),"") | R100: =IF(Q100<>"",IF(F100<>"",Q100*M100,0),"") | S100: =IF(R100<>"",IF(R100<>0,R100*INDIRECT(ADDRESS(P100,COLUMN(K$1),4,)),0),"") | T100: =IF(R100<>"",R100/SUMIFS(M$3:M$253,P$3:P$253,P100),"") | U100: =IF(R100<>"",SUMIFS(T$3:T$253,P$3:P$253,P100),"") | V100: =IFERROR(INDEX(K:K,P100),0) -> 1 | W100: =ADDRESS(ROW(INDIRECT(O100)),COLUMN(INDIRECT(O100)),1,1,"Appoggio")&":"&ADDRESS(ROW(INDIRECT(O100))+ROWS(INDIRECT(O100))-1,COLUMN(INDIRECT(O100)),1,1) -> Appoggio!$A$11:$A$13 | X100: Le chiavi crittografiche o i certificati utilizzati sono sostituiti periodicamente?
...

Sheet Risultati
A1: Risultati
A2: Questionario compilato da: | B2: <nome e cognome>
A3: Data di compilazione: | B3: <gg-mm-aaaa>
B4: valore assoluto | C4: percentuale
A5: Temi del questionario | B5: =COUNTIF(Questionario!B3:B253,"<>") -> 48
A6: Temi selezionati | B6: =COUNTIF(Questionario!G3:G253,"✔") -> 48 | C6: =B6/B5 -> 1
A7: Domande del questionario | B7: =COUNTA(Questionario!X3:X253) -> 251
A8: Domande selezionate | B8: =COUNTA(Questionario!F3:F253) -> 251 | C8: =B8/B7 -> 1
A9: Risposte fornite | B9: =ROWS(Questionario!Y3:Y253)-COUNTIF(Questionario!Y3:Y253,"") -> 0 | C9: =B9/B8 -> 0
A11: Totale ottenuto (TO) | B11: =SUMPRODUCT(Questionario!T3:T253,Questionario!V3:V253) -> 0
A12: Massimo ottenibile (TM) | B12: =SUM(Questionario!L3:L253) -> 65
A13: Punteggio finale ottenuto | C13: =B11/B12 -> 0

Sheet Appoggio
A3: Range_validi
A4: =A9 -> Range_1
A5: =A15 -> Range_2
A7: ✔
A9: Range_1 | D9: NOTA: tutte le formule sono state parametrizzate su 4096 righe, per evitare di avere fogli con righe e colonne infinite …
A10: risposta | B10: valore
A11: Sì | B11: 1
A12: Parziale | B12: 0.5
A13: No | B13: 0
A15: Range_2
A16: risposta | B16: valore
A17: Sì | B17: 1
A18: No | B18: 0
